发现日期,公司,职位,地点,批次,面向届别,职能方向,截止日期,匹配分,是否今日新增,来源,来源级别,原始链接,核验状态
2026-09-29,上海农商银行,2027届暑期实习生招聘,上海,暑期实习/留用,2027届,金融科技/风控策略,,98,否,上海国资委,1,https://www.gzw.sh.gov.cn/shgzw_xxgk_cqzp/20260519/b53bdd320a214cbe9dded8d485b0702a.html,官方公告；报名是否仍开放待核验
2026-09-29,上海建科咨询集团,暑期实习暨2027届秋招提前批次,上海,提前批,2027届,数据分析/产品经理,,82,否,上海国资委,1,https://www.gzw.sh.gov.cn/shgzw_xxgk_cqzp/20260525/aaaf1e33b4c042e087b15f638400ccd8.html,官方公告；具体岗位与当前截止状态待核验
2026-09-29,拼多多集团,合规运营管培生（2027届提前批）,上海,提前批,2027届,合规/AML,2026-08-23,78,否,PDD官方校招入口（公开公告核验）,2,https://careers.pddglobalhr.com/campus,批次和截止日期已核验；具体JD回官网确认
2026-09-29,拼多多集团,数据分析师（2027届提前批）,上海,提前批,2027届,数据分析,2026-08-23,68,否,PDD官方校招入口（公开公告核验）,2,https://careers.pddglobalhr.com/campus,批次和截止日期已核验；具体JD回官网确认
2026-09-29,Coinbase,Analytics Engineer Intern,"Hybrid - San Francisco, CA",待识别,,合规/AML/数据分析,,67,否,Coinbase官方ATS,1,https://www.coinbase.com/careers/positions/8175471?gh_jid=8175471,官方ATS
2026-09-29,Coinbase,Business Controller Intern,"Hybrid - New York, NY",待识别,,合规/AML/数据分析,,67,否,Coinbase官方ATS,1,https://www.coinbase.com/careers/positions/8175366?gh_jid=8175366,官方ATS
2026-09-29,Coinbase,Complaints Analyst II,"Manila, Philippines",待识别,,合规/AML/金融科技/AI/Agent,,67,否,Coinbase官方ATS,1,https://www.coinbase.com/careers/positions/7724777?gh_jid=7724777,官方ATS
2026-09-29,Coinbase,"Compliance, International Investigations Associate",Remote - UK,待识别,,合规/AML/数据分析,,67,否,Coinbase官方ATS,1,https://www.coinbase.com/careers/positions/8224726?gh_jid=8224726,官方ATS
2026-09-29,Coinbase,Concierge Specialist IV,"Hybrid - London, UK",待识别,,合规/AML/金融科技/AI/Agent,,67,否,Coinbase官方ATS,1,https://www.coinbase.com/careers/positions/8031253?gh_jid=8031253,官方ATS
2026-09-29,Coinbase,Concierge Specialist IV,Hybrid - Singapore,待识别,,合规/AML/金融科技/AI/Agent,,67,否,Coinbase官方ATS,1,https://www.coinbase.com/careers/positions/7994498?gh_jid=7994498,官方ATS
2026-09-29,Coinbase,Concierge Specialist IV,Hybrid - Singapore,待识别,,合规/AML/金融科技/AI/Agent,,67,否,Coinbase官方ATS,1,https://www.coinbase.com/careers/positions/7994501?gh_jid=7994501,官方ATS
2026-09-29,Coinbase,Concierge Specialist IV,"Hybrid - London, UK",待识别,,合规/AML/金融科技/AI/Agent,,67,否,Coinbase官方ATS,1,https://www.coinbase.com/careers/positions/8031308?gh_jid=8031308,官方ATS
2026-09-29,Coinbase,Employee and Workplace Experience Intern,"Hybrid - New York, NY",待识别,,合规/AML/数据分析,,67,否,Coinbase官方ATS,1,https://www.coinbase.com/careers/positions/8175429?gh_jid=8175429,官方ATS
2026-09-29,Coinbase,Internal Audit Intern,"Hybrid - New York, NY",待识别,,合规/AML/数据分析,,67,否,Coinbase官方ATS,1,https://www.coinbase.com/careers/positions/8175432?gh_jid=8175432,官方ATS
2026-09-29,Coinbase,Machine Learning Engineer,Remote - India,待识别,,合规/AML/AI/Agent,,67,否,Coinbase官方ATS,1,https://www.coinbase.com/careers/positions/7985187?gh_jid=7985187,官方ATS
2026-09-29,Coinbase,Payment Risk Intern,"Hybrid - New York, NY",待识别,,风控策略/合规/AML/数据分析,,67,否,Coinbase官方ATS,1,https://www.coinbase.com/careers/positions/8175447?gh_jid=8175447,官方ATS
2026-09-29,Coinbase,People Analytics Intern,"Hybrid - New York, NY",待识别,,合规/AML/数据分析,,67,否,Coinbase官方ATS,1,https://www.coinbase.com/careers/positions/8175517?gh_jid=8175517,官方ATS
2026-09-29,Coinbase,Prime Sales Trader,Remote - USA,待识别,,产品经理/清算/基础设施,,67,否,Coinbase官方ATS,1,https://www.coinbase.com/careers/positions/8013951?gh_jid=8013951,官方ATS
2026-09-29,Coinbase,Product Design Intern,"Hybrid - San Francisco, CA",待识别,,合规/AML/产品经理,,67,否,Coinbase官方ATS,1,https://www.coinbase.com/careers/positions/8175339?gh_jid=8175339,官方ATS
2026-09-29,Coinbase,Risk & Monitoring Analyst III,Remote - UK,待识别,,合规/AML/数据分析,,67,否,Coinbase官方ATS,1,https://www.coinbase.com/careers/positions/8147699?gh_jid=8147699,官方ATS
2026-09-29,Coinbase,Risk & Monitoring Analyst III,Remote - UK,待识别,,合规/AML/数据分析,,67,否,Coinbase官方ATS,1,https://www.coinbase.com/careers/positions/8147696?gh_jid=8147696,官方ATS
2026-09-29,Coinbase,Risk & Monitoring Analyst IV,Remote - UK,待识别,,合规/AML/数据分析,,67,否,Coinbase官方ATS,1,https://www.coinbase.com/careers/positions/8049976?gh_jid=8049976,官方ATS
2026-09-29,Coinbase,Risk & Monitoring Analyst IV,"Dublin, Ireland",待识别,,合规/AML/数据分析,,67,否,Coinbase官方ATS,1,https://www.coinbase.com/careers/positions/8030686?gh_jid=8030686,官方ATS
2026-09-29,Coinbase,Software Engineer,"Charlotte, NC",待识别,,合规/AML/AI/Agent,,67,否,Coinbase官方ATS,1,https://www.coinbase.com/careers/positions/8003605?gh_jid=8003605,官方ATS
2026-09-29,Coinbase,"Software Engineer, EAA ",Remote - Brazil,待识别,,合规/AML/AI/Agent,,67,否,Coinbase官方ATS,1,https://www.coinbase.com/careers/positions/8100066?gh_jid=8100066,官方ATS
2026-09-29,Coinbase,"Supervisor, Customer Success Team",Remote - Cyprus,待识别,,合规/AML/AI/Agent,,67,否,Coinbase官方ATS,1,https://www.coinbase.com/careers/positions/8082829?gh_jid=8082829,官方ATS
2026-09-29,Coinbase,Tax Information Reporting Intern,"Hybrid - New York, NY",待识别,,合规/AML/数据分析,,67,否,Coinbase官方ATS,1,https://www.coinbase.com/careers/positions/8221241?gh_jid=8221241,官方ATS
2026-09-29,上海2027届秋招信息差｜校招公司名单·提前批·实习招聘企业库（每日更新）,上海2027届秋招信息差｜校招公司名单·提前批·实习招聘企业库（每日更新） | AI简历姬,上海,提前批,2027届,其他,,66,否,公共Web搜索-官网与提前批,2,https://www.resumemakeroffer.com/jobradar/companies/city/上海/page/12,搜索线索，需回官方核验
2026-09-29,PayerMax,Self-Service Settlement,,待识别,,清算/基础设施,,65,否,公司池官方招聘页轮询/PayerMax,1,https://www.payermax.com/products/fund-management#backstage,官方页面待详情核验
2026-09-29,iPayLinks,合规体系,,待识别,,合规/AML,,65,否,公司池官方招聘页轮询/iPayLinks,1,https://www.ipaylinks.com/compliance_system.php,官方页面待详情核验
2026-09-29,连连数字/连连国际,合规资质,,待识别,,合规/AML,,65,否,公司池官方招聘页轮询/连连数字/连连国际,1,https://global.lianlianpay.com/company/compliance,官方页面待详情核验
2026-09-29,字节跳动,AI产品经理早鸟通道（2027届）,上海,提前批,2027届,产品经理,2026-08-02,64,否,公开招聘线索,3,https://www.chaojijianli.com/xiaozhao/autumn-recruit-ai-early-batch-11585-6f03a5/,聚合线索；必须回字节校招官网核验
2026-09-29,2027 Full-Time Graduate Analyst Program,2027 Full-Time Graduate Analyst Program – FinTech Platform,,待识别,,风控策略/数据分析/金融科技,,63,否,公共Web搜索-官网与提前批,2,https://bebee.com/hk/jobs/2027-full-time-graduate-analyst-program-fintech-platform-aladdin-wealth-tech-blackrock-hong-kong--t7xk-819877777,搜索线索，需回官方核验
2026-09-29,国企招聘_上海市国有资产监督管理委员会,国企招聘_上海市国有资产监督管理委员会,上海,暑期实习/留用,,其他,,62,否,公共Web搜索-官网与提前批,2,https://www.gzw.sh.gov.cn/shgzw_xxgk_cqzp/index_2.html,搜索线索，需回官方核验
2026-09-29,2027校园招聘汇总最新信息 - 27届应届生秋招招聘最新时间 - 牛企直聘校招,2027校园招聘汇总最新信息 - 27届应届生秋招招聘最新时间 - 牛企直聘校招公告＆简章,,秋招,,合规/AML,,59,否,公共Web搜索-官网与提前批,2,https://campus.niuqizp.com/schedulenew-1/,搜索线索，需回官方核验
2026-09-29,校招汇总表-2027秋招校招官网信息汇总 - 求职方舟AI,校招汇总表-2027秋招校招官网信息汇总 - 求职方舟AI,,秋招,,合规/AML/金融科技,,59,否,公共Web搜索-官网与提前批,2,https://www.qiuzhifangzhou.com/campus,搜索线索，需回官方核验
2026-09-29,>国企,>国企招聘,上海,待识别,,其他,,58,否,上海国资委国企招聘,1,https://www.gzw.sh.gov.cn/shgzw_xxgk_cqzp/index.html,官方页面待详情核验
2026-09-29,• 2026年嘉定区区属国有企业秋季专场招聘启动,• 2026年嘉定区区属国有企业秋季专场招聘启动,上海,待识别,,其他,,58,否,上海国资委国企招聘,1,https://www.gzw.sh.gov.cn/shgzw_xxgk_cqzp/20260918/c17739aacade4c70977b551eef455c81.html,官方页面待详情核验
2026-09-29,• “骐骥秋实”上海国资国企,• “骐骥秋实”上海国资国企2027届高校毕业生校园招聘正式启动！,上海,待识别,2027届,其他,,58,否,上海国资委国企招聘,1,https://www.gzw.sh.gov.cn/shgzw_xxgk_cqzp/20260928/09a41773660b4173a2274afc4865342d.html,官方页面待详情核验
2026-09-29,• 上实集团,• 上实集团2027届校园招聘启动,上海,待识别,2027届,其他,,58,否,上海国资委国企招聘,1,https://www.gzw.sh.gov.cn/shgzw_xxgk_cqzp/20260917/d619a4aeec8a4e898b0d9cb87ec2a5fb.html,官方页面待详情核验
2026-09-29,• 上汽集团,• 上汽集团2027届全球校园招聘启动,上海,待识别,2027届,其他,,58,否,上海国资委国企招聘,1,https://www.gzw.sh.gov.cn/shgzw_xxgk_cqzp/20260908/57b74b0f5535440ca8f79fa73916530d.html,官方页面待详情核验
2026-09-29,• 上海建工,• 上海建工2027届校园招聘启动,上海,待识别,2027届,其他,,58,否,上海国资委国企招聘,1,https://www.gzw.sh.gov.cn/shgzw_xxgk_cqzp/20260917/25ea906b705140e5b0a5959b80ea81bb.html,官方页面待详情核验
2026-09-29,• 华谊集团,• 华谊集团2027届校园招聘启动,上海,待识别,2027届,其他,,58,否,上海国资委国企招聘,1,https://www.gzw.sh.gov.cn/shgzw_xxgk_cqzp/20260903/a395e36ff1094b42ada2d2ea3c6d4a69.html,官方页面待详情核验
2026-09-29,• 国泰海通,• 国泰海通2027届秋季校园招聘启动,上海,待识别,2027届,其他,,58,否,上海国资委国企招聘,1,https://www.gzw.sh.gov.cn/shgzw_xxgk_cqzp/20260923/75cff8f7a52247a0bb2ef5f67db99e15.html,官方页面待详情核验
2026-09-29,• 浦发银行,• 浦发银行2027年度全球校园招聘启动,上海,待识别,,其他,,58,否,上海国资委国企招聘,1,https://www.gzw.sh.gov.cn/shgzw_xxgk_cqzp/20260907/a5770d7068b340b19bbd3da40e8927a9.html,官方页面待详情核验
2026-09-29,• 申能股份,• 申能股份2027届校园招聘启动,上海,待识别,2027届,其他,,58,否,上海国资委国企招聘,1,https://www.gzw.sh.gov.cn/shgzw_xxgk_cqzp/20260920/37330bd5212a49809410f7e61272d133.html,官方页面待详情核验
2026-09-29,• 申能集团,• 申能集团2027届校园招聘启动,上海,待识别,2027届,其他,,58,否,上海国资委国企招聘,1,https://www.gzw.sh.gov.cn/shgzw_xxgk_cqzp/20260908/6d39e0bb73f04f9a92bc9646f6e358d2.html,官方页面待详情核验
2026-09-29,• 百联股份,• 百联股份2027届校园招聘启动,上海,待识别,2027届,其他,,58,否,上海国资委国企招聘,1,https://www.gzw.sh.gov.cn/shgzw_xxgk_cqzp/20260928/9b6cfb42022744aca1e8fff43b5687e1.html,官方页面待详情核验
2026-09-29,• 百联集团,• 百联集团2027届校园招聘正式启动,上海,待识别,2027届,其他,,58,否,上海国资委国企招聘,1,https://www.gzw.sh.gov.cn/shgzw_xxgk_cqzp/20260914/7c13c4e5ccca41aeb28d1645cab93d9a.html,官方页面待详情核验
2026-09-29,• 锦江国际集团,• 锦江国际集团2027届校园招聘启动,上海,待识别,2027届,其他,,58,否,上海国资委国企招聘,1,https://www.gzw.sh.gov.cn/shgzw_xxgk_cqzp/20260920/61090291975a47489f04a4ff03d6151d.html,官方页面待详情核验
2026-09-29,上海银行,• 上海银行2027届校园招聘启动,上海,待识别,2027届,其他,,58,否,上海国资委国企招聘,1,https://www.gzw.sh.gov.cn/shgzw_xxgk_cqzp/20260923/e103427cc6554ce6b2be0ea7b0c87260.html,官方页面待详情核验
2026-09-29,中国结算,• “骐骥秋实”上海国资国企2027届高校毕业生校园招聘正式启动！,上海,待识别,2027届,其他,,58,是,公司池官方招聘页轮询/中国结算,1,https://www.gzw.sh.gov.cn/shgzw_xxgk_cqzp/20260928/09a41773660b4173a2274afc4865342d.html,官方页面待详情核验
2026-09-29,中国结算,• 上海建工2027届校园招聘启动,上海,待识别,2027届,其他,,58,否,公司池官方招聘页轮询/中国结算,1,https://www.gzw.sh.gov.cn/shgzw_xxgk_cqzp/20260917/25ea906b705140e5b0a5959b80ea81bb.html,官方页面待详情核验
2026-09-29,中国结算,• 上海银行2027届校园招聘启动,上海,待识别,2027届,其他,,58,是,公司池官方招聘页轮询/中国结算,1,https://www.gzw.sh.gov.cn/shgzw_xxgk_cqzp/20260923/e103427cc6554ce6b2be0ea7b0c87260.html,官方页面待详情核验
2026-09-29,中银消费金融,• “骐骥秋实”上海国资国企2027届高校毕业生校园招聘正式启动！,上海,待识别,2027届,其他,,58,是,公司池官方招聘页轮询/中银消费金融,1,https://www.gzw.sh.gov.cn/shgzw_xxgk_cqzp/20260928/09a41773660b4173a2274afc4865342d.html,官方页面待详情核验
2026-09-29,中银消费金融,• 上海建工2027届校园招聘启动,上海,待识别,2027届,其他,,58,否,公司池官方招聘页轮询/中银消费金融,1,https://www.gzw.sh.gov.cn/shgzw_xxgk_cqzp/20260917/25ea906b705140e5b0a5959b80ea81bb.html,官方页面待详情核验
2026-09-29,中银消费金融,• 上海银行2027届校园招聘启动,上海,待识别,2027届,其他,,58,是,公司池官方招聘页轮询/中银消费金融,1,https://www.gzw.sh.gov.cn/shgzw_xxgk_cqzp/20260923/e103427cc6554ce6b2be0ea7b0c87260.html,官方页面待详情核验
2026-09-29,兴业消费金融,• “骐骥秋实”上海国资国企2027届高校毕业生校园招聘正式启动！,上海,待识别,2027届,其他,,58,是,公司池官方招聘页轮询/兴业消费金融,1,https://www.gzw.sh.gov.cn/shgzw_xxgk_cqzp/20260928/09a41773660b4173a2274afc4865342d.html,官方页面待详情核验
2026-09-29,兴业消费金融,• 上海建工2027届校园招聘启动,上海,待识别,2027届,其他,,58,否,公司池官方招聘页轮询/兴业消费金融,1,https://www.gzw.sh.gov.cn/shgzw_xxgk_cqzp/20260917/25ea906b705140e5b0a5959b80ea81bb.html,官方页面待详情核验
2026-09-29,兴业消费金融,• 上海银行2027届校园招聘启动,上海,待识别,2027届,其他,,58,是,公司池官方招聘页轮询/兴业消费金融,1,https://www.gzw.sh.gov.cn/shgzw_xxgk_cqzp/20260923/e103427cc6554ce6b2be0ea7b0c87260.html,官方页面待详情核验
2026-09-29,2027 APAC Graduate Programme – RISK – Ho,2027 APAC Graduate Programme – RISK – Hong Kong,香港,秋招,,其他,,57,否,公共Web搜索-官网与提前批,2,https://group.bnpparibas/en/careers/job-offer/2027-apac-graduate-programme-risk-hong-kong,搜索线索，需回官方核验
2026-09-29,2027 APAC Graduate Programme – RISK – Ho,2027 APAC Graduate Programme – RISK – Hong Kong,香港,秋招,,其他,,57,是,公共Web搜索-官网与提前批,2,https://careers.cib.bnpparibas/jobs/2027-apac-graduate-programme-risk-hong-kong/,搜索线索，需回官方核验
2026-09-29,2027 APAC Graduate Programme – RISK – Ho,2027 APAC Graduate Programme – RISK – Hong Kong,香港,秋招,,其他,,57,否,公共Web搜索-官网与提前批,2,https://www.bnpparibas.com.hk/en/jobs/2027-apac-graduate-programme-risk-hong-kong/,搜索线索，需回官方核验
2026-09-29,"Associate Consultant, Launch Graduate Program","Associate Consultant, Launch Graduate Program 2027 - Logo",香港,秋招,,其他,,57,否,公共Web搜索-官网与提前批,2,https://mastercard.wd1.myworkdayjobs.com/en-US/Campus/job/Associate-Consultant--Launch-Graduate-Program-2027---Hong-Kong-SAR_R-287570,搜索线索，需回官方核验
2026-09-29,Airwallex空中云汇,"Founding GTM, T:0 Strategy and Operations Strategy and Operations • San Francisco Americas , San Francisco San Francisco",,待识别,,运营策略,,55,否,公司池官方招聘页轮询/Airwallex空中云汇,1,https://careers.airwallex.com/job/fc4657db-1629-4496-b3a6-3c1fff4f1f67/founding-gtm-t0/,官方页面待详情核验
2026-09-29,Coinbase,Credit Risk Analyst,Remote - USA,待识别,,清算/基础设施,,55,否,Coinbase官方ATS,1,https://www.coinbase.com/careers/positions/8131356?gh_jid=8131356,官方ATS
2026-09-29,Coinbase,Deputy Chief Regulatory Officer,Remote - USA,待识别,,清算/基础设施,,55,否,Coinbase官方ATS,1,https://www.coinbase.com/careers/positions/8001778?gh_jid=8001778,官方ATS
2026-09-29,Coinbase,Institutional Operations Intern,"Hybrid - New York, NY",待识别,,合规/AML,,55,否,Coinbase官方ATS,1,https://www.coinbase.com/careers/positions/8175569?gh_jid=8175569,官方ATS
2026-09-29,Coinbase,Real Estate & Builds Intern,"Hybrid - New York, NY",待识别,,合规/AML,,55,否,Coinbase官方ATS,1,https://www.coinbase.com/careers/positions/8175507?gh_jid=8175507,官方ATS
2026-09-29,Coinbase,"Software Engineer, CDP - Payment Acceptance ",Remote - USA,待识别,,合规/AML/清算/基础设施,,55,否,Coinbase官方ATS,1,https://www.coinbase.com/careers/positions/8164730?gh_jid=8164730,官方ATS
2026-09-29,Coinbase,"Specialist, Market Operations",Remote - USA,待识别,,清算/基础设施,,55,否,Coinbase官方ATS,1,https://www.coinbase.com/careers/positions/8222259?gh_jid=8222259,官方ATS
2026-09-29,Coinbase,"Specialist, Market Operations",Remote - UK,待识别,,清算/基础设施,,55,否,Coinbase官方ATS,1,https://www.coinbase.com/careers/positions/8222267?gh_jid=8222267,官方ATS
2026-09-29,Coinbase,"Specialist, Market Operations",Remote - Singapore,待识别,,清算/基础设施,,55,否,Coinbase官方ATS,1,https://www.coinbase.com/careers/positions/8222264?gh_jid=8222264,官方ATS
2026-09-29,Coinbase,"Sr. Staff Technical Architect, Unified Trading",Remote - USA,待识别,,清算/基础设施,,55,否,Coinbase官方ATS,1,https://www.coinbase.com/careers/positions/8144772?gh_jid=8144772,官方ATS
2026-09-29,Coinbase,"Sr. Staff Technical Risk Architect, Unified Trading",Remote - USA,待识别,,清算/基础设施,,55,否,Coinbase官方ATS,1,https://www.coinbase.com/careers/positions/8144776?gh_jid=8144776,官方ATS
2026-09-29,Product Engineer 产品工程师 - 跨境电商&支付,【27届实习】Product Engineer 产品工程师 - 跨境电商&支付,上海/北京,待识别,,其他,,54,否,公共Web搜索-官网与提前批,2,https://job.xiaohongshu.com/campus/position/20820,搜索线索，需回官方核验
2026-09-29,上实集团,上实集团2027届校园招聘启动_国企招聘,上海,待识别,2027届,其他,,54,否,公共Web搜索-官网与提前批,2,https://www.gzw.sh.gov.cn/shgzw_xxgk_cqzp/20260917/d619a4aeec8a4e898b0d9cb87ec2a5fb.html,搜索线索，需回官方核验
2026-09-29,上海建工,上海建工2027届校园招聘启动_国企招聘,上海,待识别,2027届,其他,,54,是,公共Web搜索-官网与提前批,2,https://www.gzw.sh.gov.cn:3020/shgzw_xxgk_cqzp/20260917/25ea906b705140e5b0a5959b80ea81bb.html,搜索线索，需回官方核验
2026-09-29,上海银行,国企招聘_上海市国有资产监督管理委员会,上海,待识别,2027届,其他,,54,是,公共Web搜索-官网与提前批,2,https://www.gzw.sh.gov.cn:3020/shgzw_xxgk_cqzp/,搜索线索，需回官方核验
2026-09-29,国泰海通,国泰海通2027届秋季校园招聘启动_国企招聘,上海,待识别,2027届,其他,,54,否,公共Web搜索-官网与提前批,2,https://www.gzw.sh.gov.cn/shgzw_xxgk_cqzp/20260923/75cff8f7a52247a0bb2ef5f67db99e15.html,搜索线索，需回官方核验
2026-09-29,小红书,小红书校园招聘 - job.xiaohongshu.com,上海,待识别,,其他,,54,是,公共Web搜索-官网与提前批,2,https://job.xiaohongshu.com/campus/position/22485,搜索线索，需回官方核验
2026-09-29,小红书,小红书校园招聘 - job.xiaohongshu.com,上海,待识别,,其他,,54,否,公共Web搜索-官网与提前批,2,https://job.xiaohongshu.com/campus/position/21368,搜索线索，需回官方核验
2026-09-29,百联股份,百联股份2027届校园招聘启动_国企招聘,上海,待识别,2027届,其他,,54,是,公共Web搜索-官网与提前批,2,https://www.gzw.sh.gov.cn/shgzw_xxgk_cqzp/20260928/9b6cfb42022744aca1e8fff43b5687e1.html,搜索线索，需回官方核验
2026-09-29,百联集团,百联集团2027届校园招聘正式启动_国企招聘,上海,待识别,2027届,其他,,54,否,公共Web搜索-官网与提前批,2,https://www.gzw.sh.gov.cn/shgzw_xxgk_cqzp/20260914/7c13c4e5ccca41aeb28d1645cab93d9a.html,搜索线索，需回官方核验
2026-09-29,香港航空 | 微信小程序,香港航空 | 微信小程序,上海/香港/北京,待识别,,其他,,54,否,公共Web搜索-官网与提前批,2,https://mp.weixin.qq.com/miniprogram/landing_page/YBIqq6QHpla-vbt2sfzmmdWM/zh_CN,搜索线索，需回官方核验
2026-09-29,27秋招提前批开抢：互联网大厂、央国企、外企、金融岗位集中开放 - 知乎,27秋招提前批开抢：互联网大厂、央国企、外企、金融岗位集中开放 - 知乎,,提前批,2027届,金融科技/AI/Agent,,53,否,公共Web搜索-官网与提前批,2,https://zhuanlan.zhihu.com/p/2052406388056396137,搜索线索，需回官方核验
2026-09-29,校招数据岗 | 数据分析/开发岗校招总结_牛客网,校招数据岗 | 数据分析/开发岗校招总结_牛客网,,提前批,,数据分析,,53,否,公共Web搜索-官网与提前批,2,https://www.nowcoder.com/discuss/446087040606793728,搜索线索，需回官方核验
2026-09-29,Airwallex空中云汇,"Employment Counsel, Americas Legal Legal • New York Americas , New York New York",纽约,待识别,,其他,,51,否,公司池官方招聘页轮询/Airwallex空中云汇,1,https://careers.airwallex.com/job/63695e37-0281-40f1-b3c6-2c5763f47a9c/employment-counsel-americas/,官方页面待详情核验
2026-09-29,Airwallex空中云汇,Associate GTM Partnerships Manager,香港,日常招聘,,运营策略,,50,否,Airwallex官方职位,1,https://careers.airwallex.com/job/eb5e2e34-538f-4cad-a1b8-82c260c2ff6f/associate-gtm-partnerships-manager/,官方职位页可访问；非明确校招
2026-09-29,2027 | APEJ | Hong Kong | Compliance | N,2027 | APEJ | Hong Kong | Compliance | New Analyst - Built In,香港,待识别,,金融科技,,49,否,公共Web搜索-官网与提前批,2,https://builtin.com/job/2027-apej-hong-kong-compliance-new-analyst/10010728,搜索线索，需回官方核验
2026-09-29,2027 | APEJ | Hong Kong | Compliance | S,2027 | APEJ | Hong Kong | Compliance | Summer Analyst,香港,待识别,,其他,,49,否,公共Web搜索-官网与提前批,2,https://builtin.com/job/2027-apej-hong-kong-compliance-summer-analyst/10010731,搜索线索，需回官方核验
2026-09-29,2027校园招聘汇总校招全职信息 - 27届应届生秋招招聘校招全职时间 - 牛企,2027校园招聘汇总校招全职信息 - 27届应届生秋招招聘校招全职时间 - 牛企直聘校招公告＆简章,,秋招,,产品经理,,49,否,公共Web搜索-官网与提前批,2,https://campus.niuqizp.com/schedulefulltime-1/,搜索线索，需回官方核验
2026-09-29,Hong Kong early career programmes - Standard Chartered,Hong Kong early career programmes - Standard Chartered,香港,待识别,,金融科技,,49,否,公共Web搜索-官网与提前批,2,https://www.sc.com/en/global-careers/early-careers/local-programmes-for-students/hong-kong-student-opportunities/,搜索线索，需回官方核验
2026-09-29,Airwallex空中云汇,Transaction Monitoring Senior Analyst,上海,日常招聘,,合规/AML,,45,否,Airwallex官方职位,1,https://careers.airwallex.com/job/974fc2b2-a016-443a-a6f0-d351fae48cc7/transaction-monitoring-senior-analyst/,官方职位页可访问；高级岗，不按应届岗推荐
2026-09-29,Coinbase,Accounting Intern,"Hybrid - New York, NY",待识别,,数据分析,,45,否,Coinbase官方ATS,1,https://www.coinbase.com/careers/positions/8173991?gh_jid=8173991,官方ATS
2026-09-29,Coinbase,Associate Product Manager Intern,"Hybrid - San Francisco, CA",待识别,,产品经理/AI/Agent,,45,否,Coinbase官方ATS,1,https://www.coinbase.com/careers/positions/8168322?gh_jid=8168322,官方ATS
2026-09-29,Coinbase,Data Engineer Intern,"Hybrid - San Francisco, CA",待识别,,数据分析/AI/Agent,,45,否,Coinbase官方ATS,1,https://www.coinbase.com/careers/positions/8175459?gh_jid=8175459,官方ATS
2026-09-29,Coinbase,Data Science Intern,"Hybrid - San Francisco, CA",待识别,,数据分析/AI/Agent,,45,否,Coinbase官方ATS,1,https://www.coinbase.com/careers/positions/8175462?gh_jid=8175462,官方ATS
2026-09-29,Coinbase,Derivative Sales Analyst,Remote - UK,待识别,,数据分析,,45,否,Coinbase官方ATS,1,https://www.coinbase.com/careers/positions/8097444?gh_jid=8097444,官方ATS
2026-09-29,Coinbase,Internal Audit Analytics Intern,"Hybrid - New York, NY",待识别,,数据分析,,45,否,Coinbase官方ATS,1,https://www.coinbase.com/careers/positions/8221238?gh_jid=8221238,官方ATS
2026-09-29,Coinbase,Machine Learning Engineer Intern,"Hybrid - San Francisco, CA",待识别,,AI/Agent,,45,否,Coinbase官方ATS,1,https://www.coinbase.com/careers/positions/8175441?gh_jid=8175441,官方ATS
2026-09-29,Coinbase,"Machine Learning Engineer, CX Intelligence",Remote - Brazil,待识别,,AI/Agent,,45,否,Coinbase官方ATS,1,https://www.coinbase.com/careers/positions/8031260?gh_jid=8031260,官方ATS
2026-09-29,Coinbase,Payments Risk Analyst I,"Manila, Philippines",待识别,,数据分析/金融科技,,45,否,Coinbase官方ATS,1,https://www.coinbase.com/careers/positions/8147663?gh_jid=8147663,官方ATS
2026-09-29,Coinbase,Payments Risk Analyst II,Remote - USA,待识别,,数据分析/金融科技,,45,否,Coinbase官方ATS,1,https://www.coinbase.com/careers/positions/7984814?gh_jid=7984814,官方ATS
2026-09-29,Coinbase,Product Manager (HR Technology) Intern,"Hybrid - New York, NY",待识别,,产品经理/AI/Agent,,45,否,Coinbase官方ATS,1,https://www.coinbase.com/careers/positions/8175504?gh_jid=8175504,官方ATS
2026-09-29,Coinbase,Product Security Engineer,Remote - Canada,待识别,,AI/Agent,,45,否,Coinbase官方ATS,1,https://www.coinbase.com/careers/positions/8165389?gh_jid=8165389,官方ATS
2026-09-29,Coinbase,Software Engineer Intern,"Hybrid - San Francisco, CA",待识别,,产品经理,,45,否,Coinbase官方ATS,1,https://www.coinbase.com/careers/positions/8168315?gh_jid=8168315,官方ATS
2026-09-29,Coinbase,"Software Engineer, Security Platform",Remote - India,待识别,,产品经理,,45,否,Coinbase官方ATS,1,https://www.coinbase.com/careers/positions/8165441?gh_jid=8165441,官方ATS
2026-09-29,Coinbase,Strategic Finance Intern,"Hybrid - New York, NY",待识别,,AI/Agent,,45,否,Coinbase官方ATS,1,https://www.coinbase.com/careers/positions/8175438?gh_jid=8175438,官方ATS
2026-09-29,Coinbase,Threat Intelligence Platform Engineer,Remote - USA,待识别,,AI/Agent,,45,否,Coinbase官方ATS,1,https://www.coinbase.com/careers/positions/8177619?gh_jid=8177619,官方ATS
2026-09-29,Coinbase,User Research Intern,"Hybrid - San Francisco, CA",待识别,,产品经理,,45,否,Coinbase官方ATS,1,https://www.coinbase.com/careers/positions/8175360?gh_jid=8175360,官方ATS
2026-09-29,Airwallex空中云汇,Benefits,,待识别,,其他,,43,否,公司池官方招聘页轮询/Airwallex空中云汇,1,https://careers.airwallex.com/what-we-offer/,官方页面待详情核验
2026-09-29,Airwallex空中云汇,Home,,待识别,,其他,,43,否,公司池官方招聘页轮询/Airwallex空中云汇,1,https://careers.airwallex.com/,官方页面待详情核验
2026-09-29,Airwallex空中云汇,In the news,,待识别,,其他,,43,否,公司池官方招聘页轮询/Airwallex空中云汇,1,https://careers.airwallex.com/in-the-news/,官方页面待详情核验
2026-09-29,Airwallex空中云汇,Jobs,,待识别,,其他,,43,否,公司池官方招聘页轮询/Airwallex空中云汇,1,https://careers.airwallex.com/jobs/,官方页面待详情核验
2026-09-29,Airwallex空中云汇,Life at Airwallex,,待识别,,其他,,43,否,公司池官方招聘页轮询/Airwallex空中云汇,1,https://careers.airwallex.com/blog/,官方页面待详情核验
2026-09-29,Airwallex空中云汇,Page 2,,待识别,,其他,,43,否,公司池官方招聘页轮询/Airwallex空中云汇,1,https://careers.airwallex.com/jobs/?e-page-9075d2b=2,官方页面待详情核验
2026-09-29,Airwallex空中云汇,Page 3,,待识别,,其他,,43,否,公司池官方招聘页轮询/Airwallex空中云汇,1,https://careers.airwallex.com/jobs/?e-page-9075d2b=3,官方页面待详情核验
2026-09-29,Airwallex空中云汇,Page 72,,待识别,,其他,,43,是,公司池官方招聘页轮询/Airwallex空中云汇,1,https://careers.airwallex.com/jobs/?e-page-9075d2b=72,官方页面待详情核验
2026-09-29,Airwallex空中云汇,Sales,,待识别,,其他,,43,否,公司池官方招聘页轮询/Airwallex空中云汇,1,https://careers.airwallex.com/sales-careers-at-airwallex/,官方页面待详情核验
2026-09-29,Airwallex空中云汇,"Staff Software Engineer, Data Platform Engineering Engineering • Seattle Americas , Seattle Seattle",,待识别,,其他,,43,是,公司池官方招聘页轮询/Airwallex空中云汇,1,https://careers.airwallex.com/job/99f589d4-e31a-4f15-bd1d-90e8eeaceffd/staff-software-engineer-data-platform/,官方页面待详情核验
2026-09-29,Airwallex空中云汇,verify an Airwallex job or recruiter,,待识别,,其他,,43,否,公司池官方招聘页轮询/Airwallex空中云汇,1,https://careers.airwallex.com/blog/verify-airwallex-job/,官方页面待详情核验
2026-09-29,PayerMax,Anti-Fraud Solutions,,待识别,,其他,,43,否,公司池官方招聘页轮询/PayerMax,1,https://www.payermax.com/products/risk-management#anti-frand-solutions,官方页面待详情核验
2026-09-29,PayerMax,Chargeback Solutions,,待识别,,其他,,43,否,公司池官方招聘页轮询/PayerMax,1,https://www.payermax.com/products/risk-management#chargeback-solutions,官方页面待详情核验
2026-09-29,PayerMax,Collection Scenarios,,待识别,,其他,,43,否,公司池官方招聘页轮询/PayerMax,1,https://www.payermax.com/products/global-collection#capability,官方页面待详情核验
2026-09-29,PayerMax,Convenient Transfers,,待识别,,其他,,43,否,公司池官方招聘页轮询/PayerMax,1,https://www.payermax.com/products/fund-management#transfer,官方页面待详情核验
2026-09-29,PayerMax,Customized Accounts,,待识别,,其他,,43,否,公司池官方招聘页轮询/PayerMax,1,https://www.payermax.com/products/global-collection#customization,官方页面待详情核验
2026-09-29,PayerMax,Efficient Exchange,,待识别,,其他,,43,否,公司池官方招聘页轮询/PayerMax,1,https://www.payermax.com/products/forex#banner,官方页面待详情核验
2026-09-29,PayerMax,Explore More,,待识别,,其他,,43,否,公司池官方招聘页轮询/PayerMax,1,https://www.payermax.com/products/global-payout,官方页面待详情核验
2026-09-29,PayerMax,Explore More,,待识别,,其他,,43,否,公司池官方招聘页轮询/PayerMax,1,https://www.payermax.com/products/global-collection,官方页面待详情核验
2026-09-29,PayerMax,Explore More,,待识别,,其他,,43,否,公司池官方招聘页轮询/PayerMax,1,https://www.payermax.com/products/risk-management,官方页面待详情核验
2026-09-29,PayerMax,Explore More,,待识别,,其他,,43,否,公司池官方招聘页轮询/PayerMax,1,https://www.payermax.com/products/forex,官方页面待详情核验
2026-09-29,PayerMax,Explore More,,待识别,,其他,,43,否,公司池官方招聘页轮询/PayerMax,1,https://www.payermax.com/products/fund-management,官方页面待详情核验
2026-09-29,PayerMax,Fast Integration,,待识别,,其他,,43,否,公司池官方招聘页轮询/PayerMax,1,https://www.payermax.com/products/global-acquiring#integration,官方页面待详情核验
2026-09-29,PayerMax,Flexible Setting,,待识别,,其他,,43,否,公司池官方招聘页轮询/PayerMax,1,https://www.payermax.com/products/risk-management#flexible-setting,官方页面待详情核验
2026-09-29,PayerMax,Fund Security,,待识别,,其他,,43,否,公司池官方招聘页轮询/PayerMax,1,https://www.payermax.com/products/global-collection#experience,官方页面待详情核验
2026-09-29,PayerMax,Long-Term FX management,,待识别,,其他,,43,否,公司池官方招聘页轮询/PayerMax,1,https://www.payermax.com/products/forex#long-term,官方页面待详情核验
2026-09-29,PayerMax,Multi-Country Tax Payment,,待识别,,其他,,43,否,公司池官方招聘页轮询/PayerMax,1,https://www.payermax.com/products/fund-management#service,官方页面待详情核验
2026-09-29,PayerMax,Payment Methods,,待识别,,其他,,43,否,公司池官方招聘页轮询/PayerMax,1,https://www.payermax.com/products/global-acquiring#capability,官方页面待详情核验
2026-09-29,PayerMax,Payout Flow,,待识别,,其他,,43,否,公司池官方招聘页轮询/PayerMax,1,https://www.payermax.com/products/global-payout#payout-flow,官方页面待详情核验
2026-09-29,PayerMax,Payout Methods,,待识别,,其他,,43,否,公司池官方招聘页轮询/PayerMax,1,https://www.payermax.com/products/global-payout#payment-methods,官方页面待详情核验
2026-09-29,PayerMax,Payout Scenarios,,待识别,,其他,,43,否,公司池官方招聘页轮询/PayerMax,1,https://www.payermax.com/products/global-payout#payout-scenarios,官方页面待详情核验
2026-09-29,PayerMax,Product Docs,,待识别,,其他,,43,否,公司池官方招聘页轮询/PayerMax,1,https://docs-v2.payermax.com/en/,官方页面待详情核验
2026-09-29,PayerMax,Products,,待识别,,其他,,43,否,公司池官方招聘页轮询/PayerMax,1,https://www.payermax.com/products/global-acquiring,官方页面待详情核验
2026-09-29,PayerMax,Short-Term FX management,,待识别,,其他,,43,否,公司池官方招聘页轮询/PayerMax,1,https://www.payermax.com/products/forex#short-term,官方页面待详情核验
2026-09-29,PayerMax,Transaction Optimization,,待识别,,其他,,43,否,公司池官方招聘页轮询/PayerMax,1,https://www.payermax.com/products/global-acquiring#optimization,官方页面待详情核验
2026-09-29,PayerMax,View Jobs,,待识别,,其他,,43,否,公司池官方招聘页轮询/PayerMax,1,https://payermax.jobs.feishu.cn/958616,官方页面待详情核验
2026-09-29,iPayLinks,风险管理,,待识别,,其他,,43,否,公司池官方招聘页轮询/iPayLinks,1,https://www.ipaylinks.com/risk_management.php,官方页面待详情核验
2026-09-29,中国银行股份有限公司,中国银行股份有限公司2027年全球校园招聘公告,北京,待识别,,数据分析,,43,否,公共Web搜索-官网与提前批,2,https://www.boc.cn/aboutboc/bi4/202609/t20260903_25689311.html,搜索线索，需回官方核验
2026-09-29,寻汇SUNRATE,Careers,,待识别,,其他,,43,否,SUNRATE招聘官网,1,https://www.sunrate.com/careers/,官方页面待详情核验
2026-09-29,寻汇SUNRATE,Global Payment,,待识别,,其他,,43,否,SUNRATE招聘官网,1,https://www.sunrate.com/careers/###,官方页面待详情核验
2026-09-29,寻汇SUNRATE,See 120+ open roles,,待识别,,其他,,43,否,SUNRATE招聘官网,1,https://careers.sunrate.com,官方页面待详情核验
2026-09-29,连连数字/连连国际,了解更多,,待识别,,其他,,43,否,公司池官方招聘页轮询/连连数字/连连国际,1,https://global.lianlianpay.com/products/vcc,官方页面待详情核验
2026-09-29,连连数字/连连国际,产品文档,,待识别,,其他,,43,否,公司池官方招聘页轮询/连连数字/连连国际,1,https://global.lianlianpay.com/docs/products,官方页面待详情核验
2026-09-29,连连数字/连连国际,全球付款,,待识别,,其他,,43,否,公司池官方招聘页轮询/连连数字/连连国际,1,https://global.lianlianpay.com/products/payout,官方页面待详情核验
2026-09-29,连连数字/连连国际,全球收单,,待识别,,其他,,43,否,公司池官方招聘页轮询/连连数字/连连国际,1,https://global.lianlianpay.com/products/acquiring,官方页面待详情核验
2026-09-29,连连数字/连连国际,全球收款,,待识别,,其他,,43,否,公司池官方招聘页轮询/连连数字/连连国际,1,https://global.lianlianpay.com/products/receiving,官方页面待详情核验
2026-09-29,连连数字/连连国际,全球汇兑,,待识别,,其他,,43,否,公司池官方招聘页轮询/连连数字/连连国际,1,https://global.lianlianpay.com/products/star_fx,官方页面待详情核验
2026-09-29,连连数字/连连国际,全球领跑 数百电商平台开店直通,,待识别,,其他,,43,否,公司池官方招聘页轮询/连连数字/连连国际,1,https://global.lianlianpay.com/products/store_opening,官方页面待详情核验
2026-09-29,连连数字/连连国际,出口退税 高效出口退税方案,,待识别,,其他,,43,否,公司池官方招聘页轮询/连连数字/连连国际,1,https://global.lianlianpay.com/products/tax_rebate,官方页面待详情核验
2026-09-29,连连数字/连连国际,出海职连 跨境就业求职信息平台,,待识别,,其他,,43,否,公司池官方招聘页轮询/连连数字/连连国际,1,https://global.lianlianpay.com/cross-career-link,官方页面待详情核验
2026-09-29,连连数字/连连国际,商家信心指数,,待识别,,其他,,43,否,公司池官方招聘页轮询/连连数字/连连国际,1,https://global.lianlianpay.com/products/confidence_index,官方页面待详情核验
2026-09-29,连连数字/连连国际,融资服务平台 0 抵押纯信用融资,,待识别,,其他,,43,否,公司池官方招聘页轮询/连连数字/连连国际,1,https://global.lianlianpay.com/products/lending,官方页面待详情核验
2026-09-29,连连数字/连连国际,跨境直采 1688、JD等优质货源,,待识别,,其他,,43,否,公司池官方招聘页轮询/连连数字/连连国际,1,https://global.lianlianpay.com/products/looperbuy,官方页面待详情核验
2026-09-29,连连数字/连连国际,银行假期日历,,待识别,,其他,,43,否,公司池官方招聘页轮询/连连数字/连连国际,1,https://global.lianlianpay.com/products/finance_calendar,官方页面待详情核验
2026-09-29,Coinbase,"Accounting Manager, GL Operations & Intercompany",Remote - Canada,待识别,,数据分析/金融科技/清算/基础设施,,42,否,Coinbase官方ATS,1,https://www.coinbase.com/careers/positions/7822885?gh_jid=7822885,官方ATS
2026-09-29,Coinbase,"Accounting Manager, GL Operations & Intercompany",Remote - USA,待识别,,数据分析/清算/基础设施,,42,否,Coinbase官方ATS,1,https://www.coinbase.com/careers/positions/8093264?gh_jid=8093264,官方ATS
2026-09-29,2027届秋招岗位信息汇总｜秋招网,2027届秋招岗位信息汇总｜秋招网,,提前批,2027届,其他,,41,否,公共Web搜索-官网与提前批,2,https://qiuzhaowang.com/,搜索线索，需回官方核验
2026-09-29,2027校园招聘提前批：企业名单与投递入口,2027校园招聘提前批：企业名单与投递入口,,提前批,,其他,,41,否,公共Web搜索-官网与提前批,2,https://www.resumemakeroffer.com/page/campus-recruitment-2027,搜索线索，需回官方核验
2026-09-29,27届,27届秋招提前批大批量开启！互联网 / 央国企 / 金融 / 外企最新招聘信息整理 - 知乎,,提前批,,其他,,41,否,公共Web搜索-官网与提前批,2,https://zhuanlan.zhihu.com/p/2047272254778749210,搜索线索，需回官方核验
2026-09-29,Coinbase,Sales Intern,"Hybrid - New York, NY",秋招,,其他,,41,否,Coinbase官方ATS,1,https://www.coinbase.com/careers/positions/8187551?gh_jid=8187551,官方ATS
2026-09-29,小红书,小红书校园招聘,,待识别,,数据分析,,41,是,公共Web搜索-官网与提前批,2,https://job.xiaohongshu.com/campus/position/21571,搜索线索，需回官方核验
2026-09-29,小红书,小红书校园招聘,,待识别,,AI/Agent,,41,否,公共Web搜索-官网与提前批,2,https://job.xiaohongshu.com/campus/position/21835,搜索线索，需回官方核验
2026-09-29,小红书,小红书校园招聘,,待识别,,数据分析/AI/Agent,,41,否,公共Web搜索-官网与提前批,2,https://job.xiaohongshu.com/campus/position/21552,搜索线索，需回官方核验
2026-09-29,岗位汇总,岗位汇总丨2027届秋招正式批开始打响！速抢首发offer！ - 知乎,,提前批,2027届,其他,,41,否,公共Web搜索-官网与提前批,2,https://zhuanlan.zhihu.com/p/2052441705287366540,搜索线索，需回官方核验
2026-09-29,2027届最新秋招企业汇总表/校招汇总表-最新2027校园招聘信息汇总表,2027届最新秋招企业汇总表/校招汇总表-最新2027校园招聘信息汇总表,,秋招,2027届,其他,,37,否,公共Web搜索-官网与提前批,2,https://www.givemeoc.com/,搜索线索，需回官方核验
2026-09-29,2027秋招/春招信息汇总｜最新最全校招岗位，涵盖国企、央企、互联网、银行等行业,2027秋招/春招信息汇总｜最新最全校招岗位，涵盖国企、央企、互联网、银行等行业招聘岗位 - OfferStar AI,,秋招,,其他,,37,否,公共Web搜索-官网与提前批,2,https://www.offerstar.cn/recruitment,搜索线索，需回官方核验
2026-09-29,24届,【10.22更新】24届秋招汇总贴（互联网金融科技国企）_牛客网,,秋招,,金融科技,,37,否,公共Web搜索-官网与提前批,2,https://www.nowcoder.com/discuss/522523063741603840,搜索线索，需回官方核验
2026-09-29,ACCA Careers hiring Business Analyst - Treasury - Graduate in ...,ACCA Careers hiring Business Analyst - Treasury - Graduate in ...,,秋招,,其他,,37,是,公共Web搜索-官网与提前批,2,https://www.linkedin.com/jobs/view/4467991459/,搜索线索，需回官方核验
2026-09-29,Airwallex空中云汇,"Senior Analyst, Customer Support, GC",上海,日常招聘,,运营策略,,35,否,Airwallex官方职位,1,https://careers.airwallex.com/jobs/,官方职位列表已核验；详情待打开
2026-09-29,Coinbase,Accelerations Programs Intern,"Hybrid - New York, NY",待识别,,其他,,33,否,Coinbase官方ATS,1,https://www.coinbase.com/careers/positions/8175363?gh_jid=8175363,官方ATS
2026-09-29,Coinbase,"Accountant, Cyprus",Remote - Cyprus,待识别,,金融科技,,33,否,Coinbase官方ATS,1,https://www.coinbase.com/careers/positions/8053751?gh_jid=8053751,官方ATS
2026-09-29,Coinbase,"Analyst, Privacy",Remote - USA,待识别,,其他,,33,否,Coinbase官方ATS,1,https://www.coinbase.com/careers/positions/8168175?gh_jid=8168175,官方ATS
2026-09-29,Coinbase,Chief of Staff,Remote - USA,待识别,,其他,,33,否,Coinbase官方ATS,1,https://www.coinbase.com/careers/positions/8131316?gh_jid=8131316,官方ATS
2026-09-29,Coinbase,Complaints Analyst III,Remote - Luxembourg,待识别,,金融科技,,33,否,Coinbase官方ATS,1,https://www.coinbase.com/careers/positions/7182060?gh_jid=7182060,官方ATS
2026-09-29,Coinbase,Credit Risk Intern,"Hybrid - New York, NY",待识别,,其他,,33,否,Coinbase官方ATS,1,https://www.coinbase.com/careers/positions/8175369?gh_jid=8175369,官方ATS
2026-09-29,Coinbase,Crypto Inventory Operations Intern,"Hybrid - New York, NY",待识别,,金融科技,,33,否,Coinbase官方ATS,1,https://www.coinbase.com/careers/positions/8175435?gh_jid=8175435,官方ATS
2026-09-29,Coinbase,Customer Support Specialist II,"Manila, Philippines",待识别,,其他,,33,否,Coinbase官方ATS,1,https://www.coinbase.com/careers/positions/8160097?gh_jid=8160097,官方ATS
2026-09-29,Coinbase,IT Support Engineer,"San Francisco, CA",待识别,,其他,,33,否,Coinbase官方ATS,1,https://www.coinbase.com/careers/positions/8234137?gh_jid=8234137,官方ATS
2026-09-29,Coinbase,Learning & Development Intern,"Hybrid - New York, NY",待识别,,其他,,33,否,Coinbase官方ATS,1,https://www.coinbase.com/careers/positions/8175514?gh_jid=8175514,官方ATS
2026-09-29,Coinbase,Software Engineer,Remote - Canada,待识别,,其他,,33,否,Coinbase官方ATS,1,https://www.coinbase.com/careers/positions/8207374?gh_jid=8207374,官方ATS
2026-09-29,Coinbase,"Software Engineer, Blockchain Platform Nodes",Remote - USA,待识别,,其他,,33,否,Coinbase官方ATS,1,https://www.coinbase.com/careers/positions/8105437?gh_jid=8105437,官方ATS
2026-09-29,Coinbase,"Software Engineer, Developer Infrastructure",Remote - USA,待识别,,其他,,33,否,Coinbase官方ATS,1,https://www.coinbase.com/careers/positions/7991839?gh_jid=7991839,官方ATS
2026-09-29,Coinbase,Software Engineer- Money Movement ,Remote - USA,待识别,,金融科技,,33,否,Coinbase官方ATS,1,https://www.coinbase.com/careers/positions/8177946?gh_jid=8177946,官方ATS
2026-09-29,Coinbase,Solutions Architect,"Hybrid - New York, NY",待识别,,其他,,33,否,Coinbase官方ATS,1,https://www.coinbase.com/careers/positions/8056065?gh_jid=8056065,官方ATS
2026-09-29,Coinbase,Solutions Architect,"Hybrid - London, UK",待识别,,其他,,33,否,Coinbase官方ATS,1,https://www.coinbase.com/careers/positions/8096720?gh_jid=8096720,官方ATS
2026-09-29,Coinbase,"Specialist, CSIRT",Remote - India,待识别,,其他,,33,否,Coinbase官方ATS,1,https://www.coinbase.com/careers/positions/8122777?gh_jid=8122777,官方ATS
2026-09-29,Coinbase,Tax Operations Intern,"Hybrid - New York, NY",待识别,,其他,,33,否,Coinbase官方ATS,1,https://www.coinbase.com/careers/positions/8175453?gh_jid=8175453,官方ATS
2026-09-29,Coinbase,Trade Surveillance Associate,"London, UK",待识别,,其他,,33,否,Coinbase官方ATS,1,https://www.coinbase.com/careers/positions/8232346?gh_jid=8232346,官方ATS
2026-09-29,Coinbase,"Trade Surveillance Associate, Derivatives",Remote - USA,待识别,,其他,,33,否,Coinbase官方ATS,1,https://www.coinbase.com/careers/positions/8142975?gh_jid=8142975,官方ATS
2026-09-29,Kraken,Apply now,,待识别,,其他,,33,否,公司池官方招聘页轮询/Kraken,1,https://jobs.ashbyhq.com/kraken.com?af_js_web=true&af_ss_ver=2_2_0&pid=direct&af_ss_ui=true&landing=/careers&original_landing=eyJ1cmwiOiJodHRwczovL3d3dy5rcmFrZW4uY29tL2NhcmVlcnMiLCJyZWZlcnJlciI6IiJ9&anon_id=79e130dc-4ef2-4358-b7af-02780154f87d,官方页面待详情核验
2026-09-29,Kraken,Compliance Hub,,待识别,,其他,,33,否,公司池官方招聘页轮询/Kraken,1,https://www.kraken.com/compliance,官方页面待详情核验
2026-09-29,Kraken,Kraken Careers,,待识别,,其他,,33,否,公司池官方招聘页轮询/Kraken,1,https://www.kraken.com/careers,官方页面待详情核验
2026-09-29,Kraken,See all open roles,,待识别,,其他,,33,否,公司池官方招聘页轮询/Kraken,1,https://jobs.ashbyhq.com/kraken.com,官方页面待详情核验
2026-09-29,中国结算,>国企招聘,,待识别,,其他,,33,否,公司池官方招聘页轮询/中国结算,1,https://www.gzw.sh.gov.cn/shgzw_xxgk_cqzp/index.html,官方页面待详情核验
2026-09-29,中国结算,• 2026年嘉定区区属国有企业秋季专场招聘启动,,待识别,,其他,,33,否,公司池官方招聘页轮询/中国结算,1,https://www.gzw.sh.gov.cn/shgzw_xxgk_cqzp/20260918/c17739aacade4c70977b551eef455c81.html,官方页面待详情核验
2026-09-29,中国结算,• 上实集团2027届校园招聘启动,,待识别,2027届,其他,,33,否,公司池官方招聘页轮询/中国结算,1,https://www.gzw.sh.gov.cn/shgzw_xxgk_cqzp/20260917/d619a4aeec8a4e898b0d9cb87ec2a5fb.html,官方页面待详情核验
2026-09-29,中国结算,• 上汽集团2027届全球校园招聘启动,,待识别,2027届,其他,,33,否,公司池官方招聘页轮询/中国结算,1,https://www.gzw.sh.gov.cn/shgzw_xxgk_cqzp/20260908/57b74b0f5535440ca8f79fa73916530d.html,官方页面待详情核验
2026-09-29,中国结算,• 华谊集团2027届校园招聘启动,,待识别,2027届,其他,,33,否,公司池官方招聘页轮询/中国结算,1,https://www.gzw.sh.gov.cn/shgzw_xxgk_cqzp/20260903/a395e36ff1094b42ada2d2ea3c6d4a69.html,官方页面待详情核验
2026-09-29,中国结算,• 国泰海通2027届秋季校园招聘启动,,待识别,2027届,其他,,33,是,公司池官方招聘页轮询/中国结算,1,https://www.gzw.sh.gov.cn/shgzw_xxgk_cqzp/20260923/75cff8f7a52247a0bb2ef5f67db99e15.html,官方页面待详情核验
2026-09-29,中国结算,• 浦发银行2027年度全球校园招聘启动,,待识别,,其他,,33,否,公司池官方招聘页轮询/中国结算,1,https://www.gzw.sh.gov.cn/shgzw_xxgk_cqzp/20260907/a5770d7068b340b19bbd3da40e8927a9.html,官方页面待详情核验
2026-09-29,中国结算,• 申能股份2027届校园招聘启动,,待识别,2027届,其他,,33,否,公司池官方招聘页轮询/中国结算,1,https://www.gzw.sh.gov.cn/shgzw_xxgk_cqzp/20260920/37330bd5212a49809410f7e61272d133.html,官方页面待详情核验
2026-09-29,中国结算,• 申能集团2027届校园招聘启动,,待识别,2027届,其他,,33,否,公司池官方招聘页轮询/中国结算,1,https://www.gzw.sh.gov.cn/shgzw_xxgk_cqzp/20260908/6d39e0bb73f04f9a92bc9646f6e358d2.html,官方页面待详情核验
2026-09-29,中国结算,• 百联股份2027届校园招聘启动,,待识别,2027届,其他,,33,是,公司池官方招聘页轮询/中国结算,1,https://www.gzw.sh.gov.cn/shgzw_xxgk_cqzp/20260928/9b6cfb42022744aca1e8fff43b5687e1.html,官方页面待详情核验
2026-09-29,中国结算,• 百联集团2027届校园招聘正式启动,,待识别,2027届,其他,,33,否,公司池官方招聘页轮询/中国结算,1,https://www.gzw.sh.gov.cn/shgzw_xxgk_cqzp/20260914/7c13c4e5ccca41aeb28d1645cab93d9a.html,官方页面待详情核验
2026-09-29,中国结算,• 锦江国际集团2027届校园招聘启动,,待识别,2027届,其他,,33,否,公司池官方招聘页轮询/中国结算,1,https://www.gzw.sh.gov.cn/shgzw_xxgk_cqzp/20260920/61090291975a47489f04a4ff03d6151d.html,官方页面待详情核验
2026-09-29,中银消费金融,>国企招聘,,待识别,,其他,,33,否,公司池官方招聘页轮询/中银消费金融,1,https://www.gzw.sh.gov.cn/shgzw_xxgk_cqzp/index.html,官方页面待详情核验
2026-09-29,中银消费金融,• 2026年嘉定区区属国有企业秋季专场招聘启动,,待识别,,其他,,33,否,公司池官方招聘页轮询/中银消费金融,1,https://www.gzw.sh.gov.cn/shgzw_xxgk_cqzp/20260918/c17739aacade4c70977b551eef455c81.html,官方页面待详情核验
2026-09-29,中银消费金融,• 上实集团2027届校园招聘启动,,待识别,2027届,其他,,33,否,公司池官方招聘页轮询/中银消费金融,1,https://www.gzw.sh.gov.cn/shgzw_xxgk_cqzp/20260917/d619a4aeec8a4e898b0d9cb87ec2a5fb.html,官方页面待详情核验
2026-09-29,中银消费金融,• 上汽集团2027届全球校园招聘启动,,待识别,2027届,其他,,33,否,公司池官方招聘页轮询/中银消费金融,1,https://www.gzw.sh.gov.cn/shgzw_xxgk_cqzp/20260908/57b74b0f5535440ca8f79fa73916530d.html,官方页面待详情核验
2026-09-29,中银消费金融,• 华谊集团2027届校园招聘启动,,待识别,2027届,其他,,33,否,公司池官方招聘页轮询/中银消费金融,1,https://www.gzw.sh.gov.cn/shgzw_xxgk_cqzp/20260903/a395e36ff1094b42ada2d2ea3c6d4a69.html,官方页面待详情核验
2026-09-29,中银消费金融,• 国泰海通2027届秋季校园招聘启动,,待识别,2027届,其他,,33,是,公司池官方招聘页轮询/中银消费金融,1,https://www.gzw.sh.gov.cn/shgzw_xxgk_cqzp/20260923/75cff8f7a52247a0bb2ef5f67db99e15.html,官方页面待详情核验
2026-09-29,中银消费金融,• 浦发银行2027年度全球校园招聘启动,,待识别,,其他,,33,否,公司池官方招聘页轮询/中银消费金融,1,https://www.gzw.sh.gov.cn/shgzw_xxgk_cqzp/20260907/a5770d7068b340b19bbd3da40e8927a9.html,官方页面待详情核验
2026-09-29,中银消费金融,• 申能股份2027届校园招聘启动,,待识别,2027届,其他,,33,否,公司池官方招聘页轮询/中银消费金融,1,https://www.gzw.sh.gov.cn/shgzw_xxgk_cqzp/20260920/37330bd5212a49809410f7e61272d133.html,官方页面待详情核验
2026-09-29,中银消费金融,• 申能集团2027届校园招聘启动,,待识别,2027届,其他,,33,否,公司池官方招聘页轮询/中银消费金融,1,https://www.gzw.sh.gov.cn/shgzw_xxgk_cqzp/20260908/6d39e0bb73f04f9a92bc9646f6e358d2.html,官方页面待详情核验
2026-09-29,中银消费金融,• 百联股份2027届校园招聘启动,,待识别,2027届,其他,,33,是,公司池官方招聘页轮询/中银消费金融,1,https://www.gzw.sh.gov.cn/shgzw_xxgk_cqzp/20260928/9b6cfb42022744aca1e8fff43b5687e1.html,官方页面待详情核验
2026-09-29,中银消费金融,• 百联集团2027届校园招聘正式启动,,待识别,2027届,其他,,33,否,公司池官方招聘页轮询/中银消费金融,1,https://www.gzw.sh.gov.cn/shgzw_xxgk_cqzp/20260914/7c13c4e5ccca41aeb28d1645cab93d9a.html,官方页面待详情核验
2026-09-29,中银消费金融,• 锦江国际集团2027届校园招聘启动,,待识别,2027届,其他,,33,否,公司池官方招聘页轮询/中银消费金融,1,https://www.gzw.sh.gov.cn/shgzw_xxgk_cqzp/20260920/61090291975a47489f04a4ff03d6151d.html,官方页面待详情核验
2026-09-29,兴业消费金融,>国企招聘,,待识别,,其他,,33,否,公司池官方招聘页轮询/兴业消费金融,1,https://www.gzw.sh.gov.cn/shgzw_xxgk_cqzp/index.html,官方页面待详情核验
2026-09-29,兴业消费金融,• 2026年嘉定区区属国有企业秋季专场招聘启动,,待识别,,其他,,33,否,公司池官方招聘页轮询/兴业消费金融,1,https://www.gzw.sh.gov.cn/shgzw_xxgk_cqzp/20260918/c17739aacade4c70977b551eef455c81.html,官方页面待详情核验
2026-09-29,兴业消费金融,• 上实集团2027届校园招聘启动,,待识别,2027届,其他,,33,否,公司池官方招聘页轮询/兴业消费金融,1,https://www.gzw.sh.gov.cn/shgzw_xxgk_cqzp/20260917/d619a4aeec8a4e898b0d9cb87ec2a5fb.html,官方页面待详情核验
2026-09-29,兴业消费金融,• 上汽集团2027届全球校园招聘启动,,待识别,2027届,其他,,33,否,公司池官方招聘页轮询/兴业消费金融,1,https://www.gzw.sh.gov.cn/shgzw_xxgk_cqzp/20260908/57b74b0f5535440ca8f79fa73916530d.html,官方页面待详情核验
2026-09-29,兴业消费金融,• 华谊集团2027届校园招聘启动,,待识别,2027届,其他,,33,否,公司池官方招聘页轮询/兴业消费金融,1,https://www.gzw.sh.gov.cn/shgzw_xxgk_cqzp/20260903/a395e36ff1094b42ada2d2ea3c6d4a69.html,官方页面待详情核验
2026-09-29,兴业消费金融,• 国泰海通2027届秋季校园招聘启动,,待识别,2027届,其他,,33,是,公司池官方招聘页轮询/兴业消费金融,1,https://www.gzw.sh.gov.cn/shgzw_xxgk_cqzp/20260923/75cff8f7a52247a0bb2ef5f67db99e15.html,官方页面待详情核验
2026-09-29,兴业消费金融,• 浦发银行2027年度全球校园招聘启动,,待识别,,其他,,33,否,公司池官方招聘页轮询/兴业消费金融,1,https://www.gzw.sh.gov.cn/shgzw_xxgk_cqzp/20260907/a5770d7068b340b19bbd3da40e8927a9.html,官方页面待详情核验
2026-09-29,兴业消费金融,• 申能股份2027届校园招聘启动,,待识别,2027届,其他,,33,否,公司池官方招聘页轮询/兴业消费金融,1,https://www.gzw.sh.gov.cn/shgzw_xxgk_cqzp/20260920/37330bd5212a49809410f7e61272d133.html,官方页面待详情核验
2026-09-29,兴业消费金融,• 申能集团2027届校园招聘启动,,待识别,2027届,其他,,33,否,公司池官方招聘页轮询/兴业消费金融,1,https://www.gzw.sh.gov.cn/shgzw_xxgk_cqzp/20260908/6d39e0bb73f04f9a92bc9646f6e358d2.html,官方页面待详情核验
2026-09-29,兴业消费金融,• 百联股份2027届校园招聘启动,,待识别,2027届,其他,,33,是,公司池官方招聘页轮询/兴业消费金融,1,https://www.gzw.sh.gov.cn/shgzw_xxgk_cqzp/20260928/9b6cfb42022744aca1e8fff43b5687e1.html,官方页面待详情核验
2026-09-29,兴业消费金融,• 百联集团2027届校园招聘正式启动,,待识别,2027届,其他,,33,否,公司池官方招聘页轮询/兴业消费金融,1,https://www.gzw.sh.gov.cn/shgzw_xxgk_cqzp/20260914/7c13c4e5ccca41aeb28d1645cab93d9a.html,官方页面待详情核验
2026-09-29,兴业消费金融,• 锦江国际集团2027届校园招聘启动,,待识别,2027届,其他,,33,否,公司池官方招聘页轮询/兴业消费金融,1,https://www.gzw.sh.gov.cn/shgzw_xxgk_cqzp/20260920/61090291975a47489f04a4ff03d6151d.html,官方页面待详情核验
2026-09-29,Coinbase,"Forward Deployed Engineer, Compliance [Office of the CTO]",Remote - USA,待识别,,合规/AML/AI/Agent,,32,否,Coinbase官方ATS,1,https://www.coinbase.com/careers/positions/8099099?gh_jid=8099099,官方ATS
2026-09-29,Coinbase,"Forward Deployed Engineer, Finance [Office of the CTO]",Remote - USA,待识别,,合规/AML/金融科技/AI/Agent,,32,否,Coinbase官方ATS,1,https://www.coinbase.com/careers/positions/8072932?gh_jid=8072932,官方ATS
2026-09-29,Coinbase,"Forward Deployed Engineer, Legal [Office of the CTO]",Remote - USA,待识别,,合规/AML/AI/Agent,,32,否,Coinbase官方ATS,1,https://www.coinbase.com/careers/positions/8060884?gh_jid=8060884,官方ATS
2026-09-29,Coinbase,"Group Product Manager, Compliance Agent Experience",Remote - USA,待识别,,合规/AML/产品经理/金融科技,,32,否,Coinbase官方ATS,1,https://www.coinbase.com/careers/positions/8060662?gh_jid=8060662,官方ATS
2026-09-29,Coinbase,"Group Product Manager, Compliance Automation",Remote - USA,待识别,,合规/AML/产品经理/AI/Agent,,32,否,Coinbase官方ATS,1,https://www.coinbase.com/careers/positions/7701642?gh_jid=7701642,官方ATS
2026-09-29,Coinbase,"Product Manager II, Workspace and Multi-User",Remote - USA,待识别,,合规/AML/产品经理,,32,否,Coinbase官方ATS,1,https://www.coinbase.com/careers/positions/8148171?gh_jid=8148171,官方ATS
2026-09-29,Coinbase,"Software Engineer, Enterprise Apps",Remote - Brazil,待识别,,合规/AML/AI/Agent,,32,否,Coinbase官方ATS,1,https://www.coinbase.com/careers/positions/8024814?gh_jid=8024814,官方ATS
2026-09-29,Coinbase,"Sr. Systems Analyst, Finance, Enterprise Apps ",Remote - USA,待识别,,合规/AML/数据分析/产品经理,,32,否,Coinbase官方ATS,1,https://www.coinbase.com/careers/positions/8154856?gh_jid=8154856,官方ATS
2026-09-29,Coinbase,Staff Machine Learning Engineer(Platform - Identity),Remote - USA,待识别,,合规/AML/AI/Agent,,32,否,Coinbase官方ATS,1,https://www.coinbase.com/careers/positions/7891045?gh_jid=7891045,官方ATS
2026-09-29,Coinbase,Staff Machine Learning Engineer(Platform - Identity),Remote - USA,待识别,,合规/AML/AI/Agent,,32,否,Coinbase官方ATS,1,https://www.coinbase.com/careers/positions/8211486?gh_jid=8211486,官方ATS
2026-09-29,Coinbase,"Staff Software Engineer, EAA CX",Remote - USA,待识别,,合规/AML/AI/Agent,,32,否,Coinbase官方ATS,1,https://www.coinbase.com/careers/positions/6784618?gh_jid=6784618,官方ATS
2026-09-29,Coinbase,"Staff Software Engineer, Enterprise Apps",Remote - USA,待识别,,合规/AML/AI/Agent,,32,否,Coinbase官方ATS,1,https://www.coinbase.com/careers/positions/8166218?gh_jid=8166218,官方ATS
2026-09-29,Airwallex空中云汇,"Manager, Growth Lifecycle Strategy and Operations Strategy and Operations • Amsterdam Amsterdam , EMEA Amsterdam",,待识别,,运营策略,,30,是,公司池官方招聘页轮询/Airwallex空中云汇,1,https://careers.airwallex.com/job/90a50330-c64c-4e86-939e-1fc190653c1b/manager-growth-lifecycle/,官方页面待详情核验
2026-09-29,Coinbase,"Accounting Manager, Lending & Credit Products",Remote - USA,待识别,,合规/AML/金融科技,,30,否,Coinbase官方ATS,1,https://www.coinbase.com/careers/positions/7532645?gh_jid=7532645,官方ATS
2026-09-29,Coinbase,"Accounting Manager, Tokenized Equities",Remote - Abu Dhabi,待识别,,清算/基础设施,,30,否,Coinbase官方ATS,1,https://www.coinbase.com/careers/positions/8164862?gh_jid=8164862,官方ATS
2026-09-29,Coinbase,"Associate Manager, Internal Audit",Remote - UK,待识别,,合规/AML/金融科技,,30,否,Coinbase官方ATS,1,https://www.coinbase.com/careers/positions/8154987?gh_jid=8154987,官方ATS
2026-09-29,2027 Global Capital Markets Summer Analy,2027 Global Capital Markets Summer Analyst Program (Hong ...,,待识别,,其他,,29,是,公共Web搜索-官网与提前批,2,https://capd.mit.edu/jobs/morgan-stanley-2027-global-capital-markets-summer-analyst-program-hong-kong/,搜索线索，需回官方核验
2026-09-29,"Associate Analyst, Account Management, Launch Graduate ...","Associate Analyst, Account Management, Launch Graduate ...",,待识别,,其他,,29,是,公共Web搜索-官网与提前批,2,https://emploive.com/jobs/947173/associate-analyst-account-management-launch-graduate-program-2027-hong-kong-sar-,搜索线索，需回官方核验
2026-09-29,Students & Graduates in APAC - Careers at BlackRock,Students & Graduates in APAC - Careers at BlackRock,,待识别,,其他,,29,否,公共Web搜索-官网与提前批,2,https://careers.blackrock.com/students-and-graduates-apac,搜索线索，需回官方核验
2026-09-29,Weixin Official Accounts Platform,Weixin Official Accounts Platform,,待识别,,其他,,29,否,公共Web搜索-官网与提前批,2,https://mp.weixin.qq.com/cgi-bin/loginpage?t=wxm2-login&lang=en_US,搜索线索，需回官方核验
2026-09-29,小红书,小红书校园招聘,,待识别,,其他,,29,否,公共Web搜索-官网与提前批,2,https://job.xiaohongshu.com/campus/position/20291,搜索线索，需回官方核验
2026-09-29,小红书,小红书校园招聘,,日常招聘,,其他,,29,否,公共Web搜索-官网与提前批,2,https://job.xiaohongshu.com/campus/position/21957,搜索线索，需回官方核验
2026-09-29,小红书,小红书校园招聘 - Xiaohongshu,,日常招聘,,其他,,29,否,公共Web搜索-官网与提前批,2,https://job.xiaohongshu.com/campus,搜索线索，需回官方核验
2026-09-29,微信公众平台,微信公众平台,,待识别,,其他,,29,是,公共Web搜索-官网与提前批,2,https://mp.weixin.qq.com/s?__biz=MzI0MDM5MDA0MQ==&mid=2247707215&idx=2&sn=604669335d879319a82c5e4f502d95bd,搜索线索，需回官方核验
2026-09-29,接入层开发工程师 - job.xiaohongshu.com,【2027校招】接入层开发工程师 - job.xiaohongshu.com,,待识别,,其他,,29,是,公共Web搜索-官网与提前批,2,https://job.xiaohongshu.com/campus/position/22050,搜索线索，需回官方核验
2026-09-29,校园招聘,校园招聘,,待识别,2027届,其他,,29,否,公共Web搜索-官网与提前批,2,https://career.huawei.com/cn/campus-recruitment,搜索线索，需回官方核验
2026-09-29,校园招聘,校园招聘,,待识别,,金融科技,,29,否,公共Web搜索-官网与提前批,2,http://www.cffexdt.com.cn/p1/xyzp.html,搜索线索，需回官方核验
2026-09-29,校园招聘 - offer星球 - 最新校招信息一站式查询平台,校园招聘 - offer星球 - 最新校招信息一站式查询平台,,待识别,,其他,,29,否,公共Web搜索-官网与提前批,2,https://offer.gfjianli.com/,搜索线索，需回官方核验
2026-09-29,Coinbase,Capacity Planning Lead,Remote - USA,待识别,,合规/AML/金融科技/AI/Agent,,22,是,Coinbase官方ATS,1,https://www.coinbase.com/careers/positions/8238573?gh_jid=8238573,官方ATS
2026-09-29,Coinbase,Capacity Planning Lead,"Hybrid - Bangalore, India",待识别,,合规/AML/金融科技/AI/Agent,,22,否,Coinbase官方ATS,1,https://www.coinbase.com/careers/positions/8013889?gh_jid=8013889,官方ATS
2026-09-29,Coinbase,Head of Product Creative ,Remote - USA,待识别,,合规/AML/产品经理,,22,否,Coinbase官方ATS,1,https://www.coinbase.com/careers/positions/7304930?gh_jid=7304930,官方ATS
2026-09-29,Coinbase,"Senior Analyst, Compliance Technology",Remote - USA,待识别,,合规/AML/数据分析,,22,否,Coinbase官方ATS,1,https://www.coinbase.com/careers/positions/8221985?gh_jid=8221985,官方ATS
2026-09-29,Coinbase,"Senior Manager Product Operations, FCM Ops",Remote - USA,待识别,,合规/AML/数据分析,,22,否,Coinbase官方ATS,1,https://www.coinbase.com/careers/positions/8110496?gh_jid=8110496,官方ATS
2026-09-29,Coinbase,"Senior Staff Software Engineer, Platform - IAM",Remote - USA,待识别,,合规/AML/AI/Agent,,22,否,Coinbase官方ATS,1,https://www.coinbase.com/careers/positions/8155366?gh_jid=8155366,官方ATS
2026-09-29,Coinbase,"Engineering Manager, FinHub - Financial Intelligence (Platform)",Remote - USA,待识别,,AI/Agent,,20,否,Coinbase官方ATS,1,https://www.coinbase.com/careers/positions/8138031?gh_jid=8138031,官方ATS
2026-09-29,Coinbase,"Legal Operations Manager, Vendor & Spend Management",Remote - USA,待识别,,数据分析,,20,是,Coinbase官方ATS,1,https://www.coinbase.com/careers/positions/8129321?gh_jid=8129321,官方ATS
2026-09-29,Coinbase,Staff Software Engineer (Platform - Identity IDV),Remote - USA,待识别,,合规/AML/金融科技,,20,否,Coinbase官方ATS,1,https://www.coinbase.com/careers/positions/7773776?gh_jid=7773776,官方ATS
2026-09-29,Airwallex空中云汇,"Account Manager (Retail & E-commerce), SME & Growth Sales Sales • Singapore APAC , Singapore Singapore",,待识别,,其他,,18,是,公司池官方招聘页轮询/Airwallex空中云汇,1,https://careers.airwallex.com/job/947c82d4-e8e4-4701-b45c-8bbf84532f95/account-manager-retail-e-commerce-sme-growth/,官方页面待详情核验
2026-09-29,Airwallex空中云汇,"GTM Partnerships Manager, Israel and Middle East Sales Sales • Tel Aviv EMEA , Tel Aviv Tel Aviv",,待识别,,其他,,18,是,公司池官方招聘页轮询/Airwallex空中云汇,1,https://careers.airwallex.com/job/f4907953-1706-4668-a7fb-f7bb9419d3d7/gtm-partnerships-manager-israel-and-middle-east/,官方页面待详情核验
2026-09-29,Airwallex空中云汇,"Growth Content Marketing Manager Marketing Marketing • San Francisco Americas , San Francisco San Francisco",,待识别,,其他,,18,否,公司池官方招聘页轮询/Airwallex空中云汇,1,https://careers.airwallex.com/job/f5a165ea-9efa-438b-a2c0-92013333d918/growth-content-marketing-manager/,官方页面待详情核验
2026-09-29,Airwallex空中云汇,"Manager, Performance Marketing, Ad Tech & Measurement Marketing Marketing • San Francisco Americas , San Francisco San Francisco",,待识别,,其他,,18,否,公司池官方招聘页轮询/Airwallex空中云汇,1,https://careers.airwallex.com/job/1a424b60-e6c0-4b21-8a42-4b0da4589b5a/manager-performance-marketing-ad-tech-measurement/,官方页面待详情核验
2026-09-29,Coinbase,FCM Tech Lead,Remote - USA,待识别,,清算/基础设施,,10,否,Coinbase官方ATS,1,https://www.coinbase.com/careers/positions/8154342?gh_jid=8154342,官方ATS
2026-09-29,Coinbase,"Group Product Manager, Core Infrastructure & Reliability",Remote - USA,待识别,,产品经理,,10,否,Coinbase官方ATS,1,https://www.coinbase.com/careers/positions/7997785?gh_jid=7997785,官方ATS
2026-09-29,Coinbase,"Group Product Manager, Developer Infrastructure",Remote - USA,待识别,,产品经理,,10,否,Coinbase官方ATS,1,https://www.coinbase.com/careers/positions/8017607?gh_jid=8017607,官方ATS
2026-09-29,Coinbase,"Group Product Manager, Money Movement",Remote - USA,待识别,,产品经理/AI/Agent,,10,否,Coinbase官方ATS,1,https://www.coinbase.com/careers/positions/8234060?gh_jid=8234060,官方ATS
2026-09-29,Coinbase,"Product Manager II, Growth - Notifications ",Remote - USA,待识别,,产品经理,,10,否,Coinbase官方ATS,1,https://www.coinbase.com/careers/positions/8204571?gh_jid=8204571,官方ATS
2026-09-29,Coinbase,SAM Compliance Lead Analyst,Hybrid - Luxembourg,待识别,,合规/AML/金融科技,,10,否,Coinbase官方ATS,1,https://www.coinbase.com/careers/positions/8052192?gh_jid=8052192,官方ATS
2026-09-29,Coinbase,"Senior Enterprise Product  Marketing Manager, Base",Remote - USA,待识别,,合规/AML,,10,否,Coinbase官方ATS,1,https://www.coinbase.com/careers/positions/8084049?gh_jid=8084049,官方ATS
2026-09-29,Coinbase,"Staff Software Engineer, Backend - Platform (Core AI Automation)",Remote - USA,待识别,,AI/Agent,,10,否,Coinbase官方ATS,1,https://www.coinbase.com/careers/positions/8154983?gh_jid=8154983,官方ATS
2026-09-29,Coinbase,"Staff Software Engineer, Customer Administration",Remote - India,待识别,,AI/Agent,,10,否,Coinbase官方ATS,1,https://www.coinbase.com/careers/positions/8054153?gh_jid=8054153,官方ATS
2026-09-29,Coinbase,"Staff Software Engineer, Security Platform",Remote - India,待识别,,产品经理,,10,否,Coinbase官方ATS,1,https://www.coinbase.com/careers/positions/8167571?gh_jid=8167571,官方ATS
2026-09-29,Coinbase,"Communications Manager, Policy & Public Affairs",Remote - USA,待识别,,其他,,8,否,Coinbase官方ATS,1,https://www.coinbase.com/careers/positions/7746572?gh_jid=7746572,官方ATS
2026-09-29,Coinbase,Internal Communications Manager,Remote - USA,待识别,,其他,,8,否,Coinbase官方ATS,1,https://www.coinbase.com/careers/positions/8162911?gh_jid=8162911,官方ATS
2026-09-29,Coinbase,M&A and Accounting Policy Manager,Remote - USA,待识别,,其他,,8,否,Coinbase官方ATS,1,https://www.coinbase.com/careers/positions/8072054?gh_jid=8072054,官方ATS
2026-09-29,Coinbase,"Strategic Finance Manager, Platform",Remote - USA,待识别,,其他,,8,否,Coinbase官方ATS,1,https://www.coinbase.com/careers/positions/8148248?gh_jid=8148248,官方ATS
2026-09-29,Coinbase,"Engineering Manager, Market Data & Analytics",Remote - USA,待识别,,数据分析/清算/基础设施,,7,否,Coinbase官方ATS,1,https://www.coinbase.com/careers/positions/8179214?gh_jid=8179214,官方ATS
2026-09-29,Coinbase,GFCO Program Manager,Remote - USA,待识别,,合规/AML/数据分析,,7,否,Coinbase官方ATS,1,https://www.coinbase.com/careers/positions/8070046?gh_jid=8070046,官方ATS
2026-09-29,Coinbase,Risk Manager - Country & Operational Risk,Remote - UK,待识别,,合规/AML/数据分析,,7,否,Coinbase官方ATS,1,https://www.coinbase.com/careers/positions/7774051?gh_jid=7774051,官方ATS
2026-09-29,Coinbase,"Technical Program Manager, CX Intelligence & AI",Remote - USA,待识别,,合规/AML/数据分析/产品经理,,7,否,Coinbase官方ATS,1,https://www.coinbase.com/careers/positions/8013948?gh_jid=8013948,官方ATS
2026-09-29,Airwallex空中云汇,"Senior Manager, Operations Strategy, Information Security Engineering Engineering • San Francisco Americas , San Francisco San Francisco",,待识别,,其他,,0,是,公司池官方招聘页轮询/Airwallex空中云汇,1,https://careers.airwallex.com/job/50bba431-3088-40a7-9ec5-b01c0b609981/senior-manager-operations-strategy-information-security/,官方页面待详情核验
2026-09-29,Coinbase," Staff Infrastructure Engineer, Trading ",Remote - USA,待识别,,其他,,0,否,Coinbase官方ATS,1,https://www.coinbase.com/careers/positions/8144769?gh_jid=8144769,官方ATS
2026-09-29,Coinbase,"Associate General Counsel, Privacy",Remote - UK,待识别,,其他,,0,否,Coinbase官方ATS,1,https://www.coinbase.com/careers/positions/8212923?gh_jid=8212923,官方ATS
2026-09-29,Coinbase,"Associate General Counsel, Privacy",Remote - Ireland,待识别,,其他,,0,否,Coinbase官方ATS,1,https://www.coinbase.com/careers/positions/8227393?gh_jid=8227393,官方ATS
2026-09-29,Coinbase,"Associate Manager, Premium & Wealth","Hybrid - London, UK",待识别,,数据分析/金融科技,,0,否,Coinbase官方ATS,1,https://www.coinbase.com/careers/positions/8080028?gh_jid=8080028,官方ATS
2026-09-29,Coinbase,"Business Operations Senior Associate, Institutional",Remote - USA,待识别,,数据分析,,0,否,Coinbase官方ATS,1,https://www.coinbase.com/careers/positions/7980600?gh_jid=7980600,官方ATS
2026-09-29,Coinbase,"Compliance, Threat & Risk Assessment Manager",Remote - USA,待识别,,合规/AML/金融科技,,0,否,Coinbase官方ATS,1,https://www.coinbase.com/careers/positions/8064692?gh_jid=8064692,官方ATS
2026-09-29,Coinbase,"Counsel, Commercial",Remote - USA,待识别,,金融科技,,0,否,Coinbase官方ATS,1,https://www.coinbase.com/careers/positions/8030594?gh_jid=8030594,官方ATS
2026-09-29,Coinbase,"Country Director, India",Remote - India,待识别,,金融科技,,0,否,Coinbase官方ATS,1,https://www.coinbase.com/careers/positions/7606826?gh_jid=7606826,官方ATS
2026-09-29,Coinbase,Engineering Manager - Customer Experience AI,Remote - India,待识别,,AI/Agent,,0,否,Coinbase官方ATS,1,https://www.coinbase.com/careers/positions/7741187?gh_jid=7741187,官方ATS
2026-09-29,Coinbase,HR Business Partner,Remote - USA,待识别,,其他,,0,否,Coinbase官方ATS,1,https://www.coinbase.com/careers/positions/7997879?gh_jid=7997879,官方ATS
2026-09-29,Coinbase,"Head of Finance, Canada",Remote - Canada,待识别,,金融科技/清算/基础设施,,0,否,Coinbase官方ATS,1,https://www.coinbase.com/careers/positions/7993445?gh_jid=7993445,官方ATS
2026-09-29,Coinbase,Internal Audit Manager,Remote - Luxembourg,待识别,,合规/AML,,0,否,Coinbase官方ATS,1,https://www.coinbase.com/careers/positions/8097292?gh_jid=8097292,官方ATS
2026-09-29,Coinbase,"Internal Audit Senior Associate, Operations & Compliance",Remote - USA,待识别,,合规/AML/数据分析/金融科技,,0,否,Coinbase官方ATS,1,https://www.coinbase.com/careers/positions/8114684?gh_jid=8114684,官方ATS
2026-09-29,Coinbase,Litigation Paralegal,Remote - USA,待识别,,其他,,0,否,Coinbase官方ATS,1,https://www.coinbase.com/careers/positions/8030591?gh_jid=8030591,官方ATS
2026-09-29,Coinbase,Manager of Compliance Testing and Assurance,Hybrid - Luxembourg,待识别,,合规/AML,,0,否,Coinbase官方ATS,1,https://www.coinbase.com/careers/positions/7286062?gh_jid=7286062,官方ATS
2026-09-29,Coinbase,"Manager, GRC",Remote - USA,待识别,,其他,,0,否,Coinbase官方ATS,1,https://www.coinbase.com/careers/positions/8167666?gh_jid=8167666,官方ATS
2026-09-29,Coinbase,"Manager, Markets Sales",Remote - UAE,待识别,,其他,,0,否,Coinbase官方ATS,1,https://www.coinbase.com/careers/positions/8023815?gh_jid=8023815,官方ATS
2026-09-29,Coinbase,"Manager, Strategic Programs",Remote - USA,待识别,,其他,,0,是,Coinbase官方ATS,1,https://www.coinbase.com/careers/positions/8232211?gh_jid=8232211,官方ATS
2026-09-29,Coinbase,"Manager, WFM CX Operations",Remote - USA,待识别,,金融科技/AI/Agent,,0,否,Coinbase官方ATS,1,https://www.coinbase.com/careers/positions/8186586?gh_jid=8186586,官方ATS
2026-09-29,Coinbase,"Manager, WFM Compliance Operations",Remote - USA,待识别,,金融科技/AI/Agent,,0,否,Coinbase官方ATS,1,https://www.coinbase.com/careers/positions/8089161?gh_jid=8089161,官方ATS
2026-09-29,Coinbase,Operational Excellence Senior Program Lead,Remote - USA,待识别,,数据分析/AI/Agent,,0,否,Coinbase官方ATS,1,https://www.coinbase.com/careers/positions/8198059?gh_jid=8198059,官方ATS
2026-09-29,Coinbase,Operations Senior Associate,Remote - Luxembourg,待识别,,合规/AML,,0,否,Coinbase官方ATS,1,https://www.coinbase.com/careers/positions/8013718?gh_jid=8013718,官方ATS
2026-09-29,Coinbase,Principal Recruiter,Remote - Singapore,待识别,,数据分析,,0,否,Coinbase官方ATS,1,https://www.coinbase.com/careers/positions/8106071?gh_jid=8106071,官方ATS
2026-09-29,Coinbase,Principal Recruiter,Remote - USA,待识别,,数据分析,,0,否,Coinbase官方ATS,1,https://www.coinbase.com/careers/positions/8050322?gh_jid=8050322,官方ATS
2026-09-29,Coinbase,"Product Marketing Manager, Prediction Markets",Remote - USA,待识别,,金融科技,,0,否,Coinbase官方ATS,1,https://www.coinbase.com/careers/positions/7982771?gh_jid=7982771,官方ATS
2026-09-29,Coinbase,"Product Marketing Manager, Prime & Markets",Remote - USA,待识别,,其他,,0,否,Coinbase官方ATS,1,https://www.coinbase.com/careers/positions/7572514?gh_jid=7572514,官方ATS
2026-09-29,Coinbase,Regulatory Compliance Manager ,Remote - Singapore,待识别,,合规/AML,,0,否,Coinbase官方ATS,1,https://www.coinbase.com/careers/positions/8152576?gh_jid=8152576,官方ATS
2026-09-29,Coinbase,"Senior Analytics Engineer, GFCO Analytics",Remote - USA,待识别,,合规/AML/数据分析/AI/Agent,,0,否,Coinbase官方ATS,1,https://www.coinbase.com/careers/positions/8024880?gh_jid=8024880,官方ATS
2026-09-29,Coinbase,"Senior Associate, Business Development",Remote - USA,待识别,,其他,,0,否,Coinbase官方ATS,1,https://www.coinbase.com/careers/positions/8070386?gh_jid=8070386,官方ATS
2026-09-29,Coinbase,"Senior Associate, FCM",Remote - USA,待识别,,数据分析/金融科技,,0,否,Coinbase官方ATS,1,https://www.coinbase.com/careers/positions/8060577?gh_jid=8060577,官方ATS
2026-09-29,Coinbase,Senior Compliance Associate,Hybrid - Luxembourg,待识别,,合规/AML,,0,否,Coinbase官方ATS,1,https://www.coinbase.com/careers/positions/7611263?gh_jid=7611263,官方ATS
2026-09-29,Coinbase,"Senior Counsel, Business Legal",Remote - USA,待识别,,金融科技,,0,否,Coinbase官方ATS,1,https://www.coinbase.com/careers/positions/8224901?gh_jid=8224901,官方ATS
2026-09-29,Coinbase,Senior Data Scientist,Remote - Singapore,待识别,,数据分析,,0,否,Coinbase官方ATS,1,https://www.coinbase.com/careers/positions/8147917?gh_jid=8147917,官方ATS
2026-09-29,Coinbase,"Senior Data Scientist, CX Analytics",Remote - USA,待识别,,数据分析/AI/Agent,,0,否,Coinbase官方ATS,1,https://www.coinbase.com/careers/positions/8009392?gh_jid=8009392,官方ATS
2026-09-29,Coinbase,"Senior Data Scientist, Product ",Remote - UK,待识别,,数据分析,,0,否,Coinbase官方ATS,1,https://www.coinbase.com/careers/positions/8206668?gh_jid=8206668,官方ATS
2026-09-29,Coinbase,"Senior Engineering Manager, Core AI Automation (Platform)",Remote - USA,待识别,,合规/AML/AI/Agent,,0,否,Coinbase官方ATS,1,https://www.coinbase.com/careers/positions/8124224?gh_jid=8124224,官方ATS
2026-09-29,Coinbase,Senior Enterprise Engineer - Salesforce Platform (EAA - STP),Remote - USA,待识别,,产品经理,,0,否,Coinbase官方ATS,1,https://www.coinbase.com/careers/positions/7652048?gh_jid=7652048,官方ATS
2026-09-29,Coinbase,Senior IT Automation Engineer,Remote - India,待识别,,其他,,0,否,Coinbase官方ATS,1,https://www.coinbase.com/careers/positions/8054055?gh_jid=8054055,官方ATS
2026-09-29,Coinbase,Senior IT Automation Engineer,Remote - USA,待识别,,其他,,0,否,Coinbase官方ATS,1,https://www.coinbase.com/careers/positions/8095207?gh_jid=8095207,官方ATS
2026-09-29,Coinbase,"Senior Infrastructure Engineer, Trading ",Remote - USA,待识别,,清算/基础设施,,0,否,Coinbase官方ATS,1,https://www.coinbase.com/careers/positions/8179114?gh_jid=8179114,官方ATS
2026-09-29,Coinbase,"Senior Internal Communications Manager, People",Remote - USA,待识别,,其他,,0,否,Coinbase官方ATS,1,https://www.coinbase.com/careers/positions/8162914?gh_jid=8162914,官方ATS
2026-09-29,Coinbase,Senior Machine Learning Engineer,Remote - India,待识别,,合规/AML/AI/Agent,,0,否,Coinbase官方ATS,1,https://www.coinbase.com/careers/positions/7739592?gh_jid=7739592,官方ATS
2026-09-29,Coinbase,"Senior Machine Learning Engineer, CX Intelligence ",Remote - Brazil,待识别,,AI/Agent,,0,否,Coinbase官方ATS,1,https://www.coinbase.com/careers/positions/8008569?gh_jid=8008569,官方ATS
2026-09-29,Coinbase,Senior Machine Learning Platform Engineer,Remote - USA,待识别,,AI/Agent,,0,否,Coinbase官方ATS,1,https://www.coinbase.com/careers/positions/8211490?gh_jid=8211490,官方ATS
2026-09-29,Coinbase,"Senior Manager, Finance & Strategy",Remote - USA,待识别,,其他,,0,否,Coinbase官方ATS,1,https://www.coinbase.com/careers/positions/7948222?gh_jid=7948222,官方ATS
2026-09-29,Coinbase,Senior Market Data Engineer,Remote - USA,待识别,,产品经理,,0,否,Coinbase官方ATS,1,https://www.coinbase.com/careers/positions/8180833?gh_jid=8180833,官方ATS
2026-09-29,Coinbase,Senior Network Engineer,Remote - USA,待识别,,其他,,0,否,Coinbase官方ATS,1,https://www.coinbase.com/careers/positions/8179311?gh_jid=8179311,官方ATS
2026-09-29,Coinbase,Senior Onchain Investigator,Remote - USA,待识别,,数据分析,,0,否,Coinbase官方ATS,1,https://www.coinbase.com/careers/positions/8051513?gh_jid=8051513,官方ATS
2026-09-29,Coinbase,"Senior Performance Marketing Manager, Global Paid Social & Mobile UA",Remote - USA,待识别,,合规/AML/数据分析/金融科技,,0,否,Coinbase官方ATS,1,https://www.coinbase.com/careers/positions/8192485?gh_jid=8192485,官方ATS
2026-09-29,Coinbase,"Senior Product Designer, Coinbase One",Remote - USA,待识别,,其他,,0,否,Coinbase官方ATS,1,https://www.coinbase.com/careers/positions/8114474?gh_jid=8114474,官方ATS
2026-09-29,Coinbase,"Senior Product Manager, Help Center (CX Automation)",Remote - India,待识别,,合规/AML/数据分析/产品经理,,0,否,Coinbase官方ATS,1,https://www.coinbase.com/careers/positions/8031208?gh_jid=8031208,官方ATS
2026-09-29,Coinbase,"Senior Product Marketing Manager, Trading ",Remote - USA,待识别,,其他,,0,否,Coinbase官方ATS,1,https://www.coinbase.com/careers/positions/8077090?gh_jid=8077090,官方ATS
2026-09-29,Coinbase,Senior Recruiter,Remote - USA,待识别,,数据分析,,0,否,Coinbase官方ATS,1,https://www.coinbase.com/careers/positions/8064788?gh_jid=8064788,官方ATS
2026-09-29,Coinbase,Senior Software Engineer,Remote - USA,待识别,,其他,,0,否,Coinbase官方ATS,1,https://www.coinbase.com/careers/positions/8021647?gh_jid=8021647,官方ATS
2026-09-29,Coinbase,Senior Software Engineer,Remote - USA,待识别,,AI/Agent,,0,否,Coinbase官方ATS,1,https://www.coinbase.com/careers/positions/7961318?gh_jid=7961318,官方ATS
2026-09-29,Coinbase,Senior Software Engineer (EAA),Remote - USA,待识别,,合规/AML/AI/Agent,,0,否,Coinbase官方ATS,1,https://www.coinbase.com/careers/positions/7483221?gh_jid=7483221,官方ATS
2026-09-29,Coinbase,Senior Software Engineer (Platform - Access & Authorization),Remote - USA,待识别,,其他,,0,否,Coinbase官方ATS,1,https://www.coinbase.com/careers/positions/8146039?gh_jid=8146039,官方ATS
2026-09-29,Coinbase,Senior Software Engineer - Data Platform ,Remote - USA,待识别,,数据分析/AI/Agent,,0,否,Coinbase官方ATS,1,https://www.coinbase.com/careers/positions/7812407?gh_jid=7812407,官方ATS
2026-09-29,Coinbase,Senior Software Engineer - Frontend - Coinbase Card team,Remote - USA,待识别,,其他,,0,否,Coinbase官方ATS,1,https://www.coinbase.com/careers/positions/8088201?gh_jid=8088201,官方ATS
2026-09-29,Coinbase,Senior Software Engineer - Trading,Remote - Singapore,待识别,,其他,,0,否,Coinbase官方ATS,1,https://www.coinbase.com/careers/positions/7866674?gh_jid=7866674,官方ATS
2026-09-29,Coinbase,"Senior Software Engineer, Agent Verification ",Remote - USA,待识别,,AI/Agent,,0,否,Coinbase官方ATS,1,https://www.coinbase.com/careers/positions/8174949?gh_jid=8174949,官方ATS
2026-09-29,Coinbase,"Senior Software Engineer, Backend (Consumer - Growth Foundations)",Remote - Canada,待识别,,产品经理,,0,否,Coinbase官方ATS,1,https://www.coinbase.com/careers/positions/8092651?gh_jid=8092651,官方ATS
2026-09-29,Coinbase,"Senior Software Engineer, Backend (Consumer - Risk)",Remote - Canada,待识别,,AI/Agent,,0,否,Coinbase官方ATS,1,https://www.coinbase.com/careers/positions/7930686?gh_jid=7930686,官方ATS
2026-09-29,Coinbase,"Senior Software Engineer, Backend (Institutional - ",Remote - USA,待识别,,合规/AML,,0,否,Coinbase官方ATS,1,https://www.coinbase.com/careers/positions/8193862?gh_jid=8193862,官方ATS
2026-09-29,Coinbase,"Senior Software Engineer, Backend - Platform (Tokens & Wrapped Assets)",Remote - USA,待识别,,其他,,0,否,Coinbase官方ATS,1,https://www.coinbase.com/careers/positions/8095252?gh_jid=8095252,官方ATS
2026-09-29,Coinbase,"Senior Software Engineer, Core AI Infrastructure",Remote - USA,待识别,,其他,,0,否,Coinbase官方ATS,1,https://www.coinbase.com/careers/positions/7847431?gh_jid=7847431,官方ATS
2026-09-29,Coinbase,"Senior Software Engineer, Core Infra Systems",Remote - USA,待识别,,其他,,0,否,Coinbase官方ATS,1,https://www.coinbase.com/careers/positions/8172100?gh_jid=8172100,官方ATS
2026-09-29,Coinbase,"Senior Software Engineer, Core Reliability",Remote - Canada,待识别,,其他,,0,否,Coinbase官方ATS,1,https://www.coinbase.com/careers/positions/8097944?gh_jid=8097944,官方ATS
2026-09-29,Coinbase,"Senior Software Engineer, Data Engineering Platform",Remote - USA,待识别,,数据分析/AI/Agent,,0,否,Coinbase官方ATS,1,https://www.coinbase.com/careers/positions/8082199?gh_jid=8082199,官方ATS
2026-09-29,Coinbase,"Senior Software Engineer, Developer Infrastructure",Remote - USA,待识别,,其他,,0,否,Coinbase官方ATS,1,https://www.coinbase.com/careers/positions/7964398?gh_jid=7964398,官方ATS
2026-09-29,Coinbase,"Senior Software Engineer, Frontend (Consumer - Payments)",Remote - USA,待识别,,其他,,0,否,Coinbase官方ATS,1,https://www.coinbase.com/careers/positions/8029035?gh_jid=8029035,官方ATS
2026-09-29,Coinbase,"Senior Software Engineer, Frontend (Platform - Identity)",Remote - USA,待识别,,其他,,0,否,Coinbase官方ATS,1,https://www.coinbase.com/careers/positions/8165015?gh_jid=8165015,官方ATS
2026-09-29,Coinbase,"Senior Software Engineer, Simple Trade Experience",Remote - USA,待识别,,其他,,0,否,Coinbase官方ATS,1,https://www.coinbase.com/careers/positions/8103569?gh_jid=8103569,官方ATS
2026-09-29,Coinbase,"Senior Software Engineer, Stablecoins",Remote - USA,待识别,,其他,,0,否,Coinbase官方ATS,1,https://www.coinbase.com/careers/positions/8104873?gh_jid=8104873,官方ATS
2026-09-29,Coinbase,Senior Software Engineer- Blockchain Network,Remote - USA,待识别,,其他,,0,否,Coinbase官方ATS,1,https://www.coinbase.com/careers/positions/8094196?gh_jid=8094196,官方ATS
2026-09-29,Coinbase,"Senior Software Engineer- Blockchain Platform (Wallets, Liquidity & Bridging)",Remote - USA,待识别,,其他,,0,否,Coinbase官方ATS,1,https://www.coinbase.com/careers/positions/8204215?gh_jid=8204215,官方ATS
2026-09-29,Coinbase,Senior Sourcing Analyst,Remote - USA,待识别,,其他,,0,否,Coinbase官方ATS,1,https://www.coinbase.com/careers/positions/8017697?gh_jid=8017697,官方ATS
2026-09-29,Coinbase,Senior Staff Software Engineer - Blockchain Platform,Remote - USA,待识别,,AI/Agent,,0,否,Coinbase官方ATS,1,https://www.coinbase.com/careers/positions/7366208?gh_jid=7366208,官方ATS
2026-09-29,Coinbase,"Senior Staff Software Engineer, Core Automation",Remote - USA,待识别,,AI/Agent,,0,否,Coinbase官方ATS,1,https://www.coinbase.com/careers/positions/7580292?gh_jid=7580292,官方ATS
2026-09-29,Coinbase,"Senior Staff Software Engineer, Data Platform",Remote - USA,待识别,,数据分析/AI/Agent,,0,否,Coinbase官方ATS,1,https://www.coinbase.com/careers/positions/7711287?gh_jid=7711287,官方ATS
2026-09-29,Coinbase,"Senior Staff Software Engineer, Institutional Exchange",Remote - USA,待识别,,其他,,0,否,Coinbase官方ATS,1,https://www.coinbase.com/careers/positions/8179210?gh_jid=8179210,官方ATS
2026-09-29,Coinbase,"Senior Staff Software Engineer, Payments",Remote - Canada,待识别,,合规/AML,,0,否,Coinbase官方ATS,1,https://www.coinbase.com/careers/positions/8060842?gh_jid=8060842,官方ATS
2026-09-29,Coinbase,"Senior Staff Software Engineer, Payments",Remote - USA,待识别,,其他,,0,否,Coinbase官方ATS,1,https://www.coinbase.com/careers/positions/8056068?gh_jid=8056068,官方ATS
2026-09-29,Coinbase,Senior Strategic Program Lead,Remote - USA,待识别,,合规/AML/数据分析,,0,否,Coinbase官方ATS,1,https://www.coinbase.com/careers/positions/8198065?gh_jid=8198065,官方ATS
2026-09-29,Coinbase,Senior Talent Program Manager,Remote - USA,待识别,,数据分析,,0,否,Coinbase官方ATS,1,https://www.coinbase.com/careers/positions/8126484?gh_jid=8126484,官方ATS
2026-09-29,Coinbase,Senior Threat Intelligence Engineer,Remote - USA,待识别,,其他,,0,否,Coinbase官方ATS,1,https://www.coinbase.com/careers/positions/8209803?gh_jid=8209803,官方ATS
2026-09-29,Coinbase,"Staff Data Engineer, Market Data",Remote - USA,待识别,,其他,,0,否,Coinbase官方ATS,1,https://www.coinbase.com/careers/positions/8144836?gh_jid=8144836,官方ATS
2026-09-29,Coinbase,Staff Software Engineer,Remote - Israel,待识别,,其他,,0,否,Coinbase官方ATS,1,https://www.coinbase.com/careers/positions/8021650?gh_jid=8021650,官方ATS
2026-09-29,Coinbase,Staff Software Engineer (Platform - Access & Authorization),Remote - USA,待识别,,其他,,0,否,Coinbase官方ATS,1,https://www.coinbase.com/careers/positions/8114877?gh_jid=8114877,官方ATS
2026-09-29,Coinbase,Staff Software Engineer (Platform - Financial Engineering),Remote - USA,待识别,,其他,,0,否,Coinbase官方ATS,1,https://www.coinbase.com/careers/positions/8204243?gh_jid=8204243,官方ATS
2026-09-29,Coinbase,"Staff Software Engineer, Compute Platform (Routing)",Remote - USA,待识别,,其他,,0,否,Coinbase官方ATS,1,https://www.coinbase.com/careers/positions/8160557?gh_jid=8160557,官方ATS
2026-09-29,Coinbase,"Staff Software Engineer, Core AI Infrastructure",Remote - USA,待识别,,其他,,0,否,Coinbase官方ATS,1,https://www.coinbase.com/careers/positions/7991691?gh_jid=7991691,官方ATS
2026-09-29,Coinbase,"Staff Software Engineer, Developer Infrastructure (Test Infrastructure)",Remote - USA,待识别,,其他,,0,否,Coinbase官方ATS,1,https://www.coinbase.com/careers/positions/7964410?gh_jid=7964410,官方ATS
2026-09-29,Coinbase,"Staff Software Engineer, Frontend (Consumer - Advanced Trading)",Remote - USA,待识别,,其他,,0,否,Coinbase官方ATS,1,https://www.coinbase.com/careers/positions/7629141?gh_jid=7629141,官方ATS
2026-09-29,Coinbase,"Technical Program Manager, Knowledge Systems",Remote - USA,待识别,,AI/Agent,,0,否,Coinbase官方ATS,1,https://www.coinbase.com/careers/positions/8013892?gh_jid=8013892,官方ATS
